recall_id,manufacturer,model_original,model_key,production_from,production_to,recall_start_date,recall_count,recall_reason,recall_category,source_url,official_check_url,loaded_at
REC-D20581DDCAE224ED,현대자동차,쏘나타(DN8),HYU_SONATA,2019-03-11,2019-09-24,2020-01-30,12902,연료펌프 제어 유닛 내부 인쇄회로기판(PCB)의 제조불량(인쇄회로폭이 기준보다 협소)으로 냉간 시동 시 연료펌프 제어 유닛으로 유입되는 고전류에 의해 단선 발생 가능,연료장치,https://www.data.go.kr/data/15125831/fileData.do,https://www.car.go.kr/home/main.do,2026-08-24
REC-FF533D0F52E3F0C2,현대자동차,아반떼(HD),HYU_AVANTE,2005-08-17,2010-08-17,2020-02-17,414695,일부 노후 차량에서 ABS/ESC모듈 전원부에 오일 또는 수분 등이 장기간에 걸쳐 미세 유입되어 전원부 쇼트(합선) 발생,제동장치,https://www.data.go.kr/data/15125831/fileData.do,https://www.car.go.kr/home/main.do,2026-08-24
REC-4EA05B14FC9B1F7B,현대자동차,쏘나타 (DN8),HYU_SONATA,2019-03-04,2020-03-23,2020-04-20,22415,원격 스마트 주차 보조 기능(RSPA) 고장 감지 시 필요한 차량 제어 로직 미흡으로 원격 주차 시 원격 스마트 주차 보조 기능이 정상 작동이 되지 않는 결함 ※ 원격 스마트 주차 보조(RSPA) : 운전자가 하차 상태에서 원격으로 주차/출차를 할 수 있게 해주는 주차 편의 시스템,전기·전자장치,https://www.data.go.kr/data/15125831/fileData.do,https://www.car.go.kr/home/main.do,2026-08-24
REC-28C71F8C5C264224,기아,K5 (DL3),KIA_K5,2019-11-18,2020-02-11,2020-04-20,3758,원격 스마트 주차 보조 기능(RSPA) 고장 감지 시 필요한 차량 제어 로직 미흡으로 원격 주차 시 원격 스마트 주차 보조 기능이 정상 작동 되지 않는 결함 ※ 원격 스마트 주차 보조(RSPA) : 운전자가 하차 상태에서 원격으로 주차/출차를 할 수 있게 해주는 주차 편의 시스템,전기·전자장치,https://www.data.go.kr/data/15125831/fileData.do,https://www.car.go.kr/home/main.do,2026-08-24
REC-69B2CFA42114FC5E,기아,카니발(VQ),KIA_CARNIVAL,2005-06-10,2009-12-14,2020-05-25,79001,일부 노후 차량에서 ABS/ESC모듈 전원부에 오일 또는 수분 등이 장기간에 걸쳐 미세 유입되어 전원부 쇼트(합선) 발생,제동장치,https://www.data.go.kr/data/15125831/fileData.do,https://www.car.go.kr/home/main.do,2026-08-24
REC-CC9640BECB8A8FAC,기아,쏘렌토(BL),KIA_SORENTO,2006-04-10,2008-12-01,2020-05-25,34497,일부 노후 차량에서 ABS/ESC모듈 전원부에 오일 또는 수분 등이 장기간에 걸쳐 미세 유입되어 전원부 쇼트(합선) 발생,제동장치,https://www.data.go.kr/data/15125831/fileData.do,https://www.car.go.kr/home/main.do,2026-08-24
REC-D7EBBDC7D588AE9A,현대자동차,싼타페(CM),HYU_SANTAFE,2005-03-16,2009-07-09,2020-05-25,181124,일부 노후 차량에서 ABS/ESC모듈 전원부에 오일 또는 수분 등이 장기간에 걸쳐 미세 유입되어 전원부 쇼트(합선) 발생,제동장치,https://www.data.go.kr/data/15125831/fileData.do,https://www.car.go.kr/home/main.do,2026-08-24
REC-6B3F453C5EFA2A84,현대자동차,싼타페(TM),HYU_SANTAFE,2018-09-14,2019-11-25,2020-06-05,111609,일부 차량에서 브레이크 호스 내 공기빼기 작업 미흡으로 인해 제동력 제어 시점 지연으로 자동차안정성제어장치(ESC) 작동 조건에서 차량의 측방향 미끄러짐이 일부 발생할 수 있는 기준 부적합 결함이 발견되어 제작결함시정을 하고자 함,제동장치,https://www.data.go.kr/data/15125831/fileData.do,https://www.car.go.kr/home/main.do,2026-08-24
REC-B55C97AAE636023B,기아,카니발(YP),KIA_CARNIVAL,2019-07-26,2020-04-06,2020-07-16,4123,알터네이터 B+단자 안착부 형상 변경에 따른 너트 불완전 체결 ※알터네이터 : 엔진의 회전력에 의해 전기를 생산하여 차량의 각종 전기장치에 전력을 공급하는 전원장치,전기·전자장치,https://www.data.go.kr/data/15125831/fileData.do,https://www.car.go.kr/home/main.do,2026-08-24
REC-2E9EBDFC9239BDB3,기아,카니발(YP),KIA_CARNIVAL,2019-09-26,2020-04-01,2020-07-16,107,알터네이터 B+단자 안착부 형상 변경에 따른 너트 불완전 체결 ※알터네이터 : 엔진의 회전력에 의해 전기를 생산하여 차량의 각종 전기장치에 전력을 공급하는 전원장치,전기·전자장치,https://www.data.go.kr/data/15125831/fileData.do,https://www.car.go.kr/home/main.do,2026-08-24
REC-CE3BD1F8099C95A7,현대자동차,아반떼(HD),HYU_AVANTE,2008-09-30,2009-02-19,2020-07-16,2730,충돌 사고로 인한 운전석 에어백 전개 시 인플레이터 내부 가스 배출이 정상적으로 되지 않아 내부 압력 증가로 인플레이터 용기가 파손될 수 있는 결함,탑승자보호,https://www.data.go.kr/data/15125831/fileData.do,https://www.car.go.kr/home/main.do,2026-08-24
REC-D092AFB2AF7FDBB7,현대자동차,싼타페(TM PE),HYU_SANTAFE,2020-06-17,2020-08-21,2020-09-04,2097,원격 스마트 주차 보조(RSPA) 기능 작동 시 ESC 모듈 내부 신호 처리 오류로 간헐적으로 제동이 되지 않는 결함 ※ 원격 스마트 주차 보조(RSPA) : 운전자가 하차 상태에서 원격으로 주차/출차를 할 수 있게 해주는 주차 편의 시스템 ※ 자동차 안정성 제어 장치(ESC) : 각 센서 정보를 이용하여 차량의 자세가 불안정할 경우 각 바퀴의 제동력 및 엔진 토크를 제어하여 제동/조향 안정성을 유지하는 장치,제동장치,https://www.data.go.kr/data/15125831/fileData.do,https://www.car.go.kr/home/main.do,2026-08-24
REC-A165EA0EB6B4909B,기아,쏘렌토(MQ4),KIA_SORENTO,2020-02-26,2020-07-16,2020-09-04,10205,원격 스마트 주차 보조(RSPA) 기능 작동 시 ESC 모듈 내부 신호 처리 오류로 간헐적으로 제동이 되지 않는 결함 ※ 원격 스마트 주차 보조(RSPA) : 운전자가 하차 상태에서 원격으로 주차/출차를 할 수 있게 해주는 주차 편의 시스템 ※ 자동차 안정성 제어 장치(ESC) : 각 센서 정보를 이용하여 차량의 자세가 불안정할 경우 각 바퀴의 제동력 및 엔진 토크를 제어하여 제동/조향 안정성을 유지하는 장치,제동장치,https://www.data.go.kr/data/15125831/fileData.do,https://www.car.go.kr/home/main.do,2026-08-24
REC-8A0091AAEDCD5659,기아,K5(DL3),KIA_K5,2019-11-18,2020-07-29,2020-09-04,13317,원격 스마트 주차 보조(RSPA) 기능 작동 시 ESC 모듈 내부 신호 처리 오류로 간헐적으로 제동이 되지 않는 결함 ※ 원격 스마트 주차 보조(RSPA) : 운전자가 하차 상태에서 원격으로 주차/출차를 할 수 있게 해주는 주차 편의 시스템 ※ 자동차 안정성 제어 장치(ESC) : 각 센서 정보를 이용하여 차량의 자세가 불안정할 경우 각 바퀴의 제동력 및 엔진 토크를 제어하여 제동/조향 안정성을 유지하는 장치,제동장치,https://www.data.go.kr/data/15125831/fileData.do,https://www.car.go.kr/home/main.do,2026-08-24
REC-494EB5A9276CC9F8,현대자동차,코나 전기차 (OS EV),HYU_KONA,2017-09-29,2020-03-13,2020-10-16,25564,코나 전기차 OS EV ) 일부 차량에서 만 충 후 주차 중 고전압배터리부에서 일부 배터리셀 제조불량에 의한 내부 단락 합선 으로 차량 화재 발생 가능성,전기·전자장치,https://www.data.go.kr/data/15125831/fileData.do,https://www.car.go.kr/home/main.do,2026-08-24
REC-0D667A0BECC18CC3,기아,카니발(KA4),KIA_CARNIVAL,2020-08-18,2020-09-29,2020-10-23,82,디젤 2.2 엔진 연료공급호스 클램프 조립 협력사 변경 이후 클램프 조립 시 일부 느슨하게 체결되는 작업 불량에 의한 연료 누유 발생 가능성,연료장치,https://www.data.go.kr/data/15125831/fileData.do,https://www.car.go.kr/home/main.do,2026-08-24
REC-FE3D755FFAC27B65,기아,카니발(KA4),KIA_CARNIVAL,2020-07-31,2020-10-06,2020-10-23,4896,디젤 2.2 엔진 연료공급호스 클램프 조립 협력사 변경 이후 클램프 조립 시 일부 느슨하게 체결되는 작업 불량에 의한 연료 누유 발생 가능성,연료장치,https://www.data.go.kr/data/15125831/fileData.do,https://www.car.go.kr/home/main.do,2026-08-24
REC-B8E7D65C4AAF9881,현대자동차,싼타페(TM PE),HYU_SANTAFE,2020-07-31,2020-09-22,2020-10-23,1907,디젤 2.2 엔진 연료공급호스 클램프 조립 협력사 변경 이후 클램프 조립 시 일부 느슨하게 체결되는 작업 불량에 의한 연료 누유 발생 가능성,연료장치,https://www.data.go.kr/data/15125831/fileData.do,https://www.car.go.kr/home/main.do,2026-08-24
REC-96809AA42C5E41C0,기아,쏘렌토(MQ4),KIA_SORENTO,2020-07-30,2020-10-06,2020-10-23,542,디젤 2.2 엔진 연료공급호스 클램프 조립 협력사 변경 이후 클램프 조립 시 일부 느슨하게 체결되는 작업 불량에 의한 연료 누유 발생 가능성,연료장치,https://www.data.go.kr/data/15125831/fileData.do,https://www.car.go.kr/home/main.do,2026-08-24
REC-CACADA1FD37D1FEB,현대자동차,투싼(TL),HYU_TUCSON,2018-02-27,2019-12-07,2020-11-24,50317,HECU 모듈 내 회로 기판의 전기적 합선 (합선 원인 조사 중),제동장치,https://www.data.go.kr/data/15125831/fileData.do,https://www.car.go.kr/home/main.do,2026-08-24
REC-F603E653D8F0874C,현대자동차,코나(OS) HEV,HYU_KONA,2019-08-02,2020-11-17,2020-12-10,8382,IEB 모터 제어 로직의 Fail Safe(고장안전대책) 로직 구성 미흡 * Fail Safe(고장안전대책) : 특정 장치의 고장 시에도 최소한의 안전성을 확보하여 위험을 예방하는 기능,제동장치,https://www.data.go.kr/data/15125831/fileData.do,https://www.car.go.kr/home/main.do,2026-08-24
REC-9719DF31DEB72BD0,현대자동차,코나(OS) EV,HYU_KONA,2018-05-11,2020-11-10,2020-12-10,32343,IEB 모터 제어 로직의 Fail Safe(고장안전대책) 로직 구성 미흡 * Fail Safe(고장안전대책) : 특정 장치의 고장 시에도 최소한의 안전성을 확보하여 위험을 예방하는 기능,제동장치,https://www.data.go.kr/data/15125831/fileData.do,https://www.car.go.kr/home/main.do,2026-08-24
REC-4C4E7E93DB4B168D,기아,K3(BD),KIA_K3,2020-12-22,2020-12-22,2021-01-21,3,신규 작업자에 의해 일부 차량의 운전석 안전띠 높이조절장치 결합부가 규격 대비 낮은 토크로 조립되었을 가능성,탑승자보호,https://www.data.go.kr/data/15125831/fileData.do,https://www.car.go.kr/home/main.do,2026-08-24
REC-89971DAB0184B4C8,기아,니로(DE),KIA_NIRO,2020-12-21,2020-12-21,2021-01-21,3,신규 작업자에 의해 일부 차량의 운전석 안전띠 높이조절장치 결합부가 규격 대비 낮은 토크로 조립되었을 가능성,탑승자보호,https://www.data.go.kr/data/15125831/fileData.do,https://www.car.go.kr/home/main.do,2026-08-24
REC-181394E0B736D021,기아,니로 전기차(DE EV),KIA_NIRO,2020-12-21,2020-12-22,2021-01-21,18,신규 작업자에 의해 일부 차량의 운전석 안전띠 높이조절장치 결합부가 규격 대비 낮은 토크로 조립되었을 가능성,탑승자보호,https://www.data.go.kr/data/15125831/fileData.do,https://www.car.go.kr/home/main.do,2026-08-24
REC-2457DF3359EEBFAC,현대자동차,투싼(TL),HYU_TUCSON,2014-10-08,2020-10-10,2021-02-25,185030,HECU 모듈 내 회로 기판의 전기적 합선 (합선 원인 조사 중),제동장치,https://www.data.go.kr/data/15125831/fileData.do,https://www.car.go.kr/home/main.do,2026-08-24
REC-028726A17EF65740,현대자동차,코나(OS) EV,HYU_KONA,2018-05-11,2020-03-13,2021-03-29,25083,현대자동차㈜에서는 LG에너지솔루션㈜ 중국(남경)공장에서 생산된 일부 배터리셀의 제조불량으로 인한 배터리셀 내부 단락(합선)으로 차량 화재 발생 가능성,전기·전자장치,https://www.data.go.kr/data/15125831/fileData.do,https://www.car.go.kr/home/main.do,2026-08-24
REC-6D0D6D91E67A52C3,현대자동차,코나(OS) EV,HYU_KONA,2019-05-03,2020-01-06,2021-04-23,170,현대자동차㈜에서는 LG에너지솔루션㈜ 중국(남경)공장에서 생산된 일부 배터리셀의 제조불량으로 인한 배터리셀 내부 단락(합선)으로 차량 화재 발생 가능성,전기·전자장치,https://www.data.go.kr/data/15125831/fileData.do,https://www.car.go.kr/home/main.do,2026-08-24
REC-3D1542AF1130BA59,기아,니로EV (DE EV),KIA_NIRO,2020-01-15,2020-01-15,2021-05-07,14,"EPCU와 구동모터 체결부 이종볼트 조립에 의한 볼트 들뜸으로 지속 주행 시 해당 부위 소손이 발생되면 주행 중 경고등 점등 직후 시동꺼짐 발생 가능성 ※ 대상선정 기준 : EPCU와 구동모터간 체결 불량 로트가 조립된 대상 차량(쏘울EV/니로EV)으로 제작연월일 기준 ’20.1/10 ~ 1/15 동안 생산된 차량 중 일 * EPCU 이종볼트 혼입 로트 대상 기간 : ’20. 1/1, 1/6 ※ EPCU (통합전력제어장치, Electric Power Control Unit) : 전기차 모터 구동을 위한 인버터, 직류변환장치를 포함하는 장치",전기·전자장치,https://www.data.go.kr/data/15125831/fileData.do,https://www.car.go.kr/home/main.do,2026-08-24
REC-F8986B180CBD8DDE,기아,카니발(KA4),KIA_CARNIVAL,2021-02-01,2021-04-14,2021-05-11,2625,가솔린 3.5GDI엔진 장착 일부 차량에서 연료레일 튜브 손상,연료장치,https://www.data.go.kr/data/15125831/fileData.do,https://www.car.go.kr/home/main.do,2026-08-24
REC-E05867E5B6ADEC83,현대자동차,그랜저(IG),HYU_GRANDEUR,2016-06-21,2021-04-21,2021-05-31,191661,HECU 모듈 내 회로 기판의 전기적 합선 (합선 원인 조사 중),제동장치,https://www.data.go.kr/data/15125831/fileData.do,https://www.car.go.kr/home/main.do,2026-08-24
REC-B7E1646A65686608,기아,스포티지(QL),KIA_SPORTAGE,2015-03-19,2020-10-23,2021-05-31,182136,HECU 모듈 내 회로 기판의 전기적 합선 (합선 원인 조사 중),제동장치,https://www.data.go.kr/data/15125831/fileData.do,https://www.car.go.kr/home/main.do,2026-08-24
REC-273DBDC6FE25ABDD,기아,K7(YG),KIA_K7,2015-08-14,2021-02-08,2021-05-31,104702,HECU 모듈 내 회로 기판의 전기적 합선 (합선 원인 조사 중),제동장치,https://www.data.go.kr/data/15125831/fileData.do,https://www.car.go.kr/home/main.do,2026-08-24
REC-E08E0ED5AA71803B,현대자동차,그랜저(IG),HYU_GRANDEUR,2017-01-03,2017-01-23,2021-07-09,728,HECU 모듈 내 회로 기판의 전기적 합선 (합선 원인 조사 중),제동장치,https://www.data.go.kr/data/15125831/fileData.do,https://www.car.go.kr/home/main.do,2026-08-24
REC-FFB8055BEFCBA310,기아,카니발(KA4),KIA_CARNIVAL,2021-06-15,2021-06-28,2021-07-22,313,연료탱크 제작시 제조 불량으로 탱크 측면에 미세한 크랙이 생길수 있는 가능성,연료장치,https://www.data.go.kr/data/15125831/fileData.do,https://www.car.go.kr/home/main.do,2026-08-24
REC-9B3DBE1B69EC4584,기아,니로 전기차(DE EV),KIA_NIRO,2018-07-24,2021-05-17,2021-07-22,15276,뒷범퍼 후퇴등 커넥터가 차체와 가까워 범퍼 후퇴등에 2.5km/h 속도로 충격시 후퇴등 커넥터와 차체 간섭으로 전구가 분리될 수 있는 가능성,등화장치,https://www.data.go.kr/data/15125831/fileData.do,https://www.car.go.kr/home/main.do,2026-08-24
REC-7F0AECE2A8C1BA46,현대자동차,그랜드 스타렉스(TQ),HYU_GRAND_STAREX,2018-02-01,2019-12-04,2021-08-12,10407,프로펠러 샤프트 열처리 조건 변경 후 열처리 산포 발생에 의한 강도 저하,엔진·동력장치,https://www.data.go.kr/data/15125831/fileData.do,https://www.car.go.kr/home/main.do,2026-08-24
REC-EB623D202E0220C0,현대자동차,코나(OS) EV,HYU_KONA,2018-05-15,2020-01-31,2021-10-15,126,현대자동차(주)에서는 LG에너지솔루션(주) 중국(남경) 공장에서 생산된 일부 배터리셀의 제조불량으로 배터리셀 내부 단락(합선)으로 차량 화재 발생 가능성,전기·전자장치,https://www.data.go.kr/data/15125831/fileData.do,https://www.car.go.kr/home/main.do,2026-08-24
REC-13348583A2EDF432,기아,카니발(YP),KIA_CARNIVAL,2014-06-21,2016-06-21,2021-11-02,110872,멀티펑션스위치 부품 내구성을 감안한 설계로직 설정 미흡으로 스마트정션박스측에서 좌측 방향지시등 전압을 우측으로 오인식 가능성,등화장치,https://www.data.go.kr/data/15125831/fileData.do,https://www.car.go.kr/home/main.do,2026-08-24
REC-8F1B1182212D580A,기아,카니발(YP),KIA_CARNIVAL,2014-06-21,2016-06-10,2021-11-02,17827,멀티펑션스위치 부품 내구성을 감안한 설계로직 설정 미흡으로 스마트정션박스측에서 좌측 방향지시등 전압을 우측으로 오인식 가능성,등화장치,https://www.data.go.kr/data/15125831/fileData.do,https://www.car.go.kr/home/main.do,2026-08-24
REC-CDA37771C743EC33,현대자동차,쏘나타(LF),HYU_SONATA,2014-01-15,2016-02-05,2021-11-02,167628,멀티펑션스위치 부품 내구성을 감안한 설계로직 설정 미흡으로 스마트정션박스측에서 좌측 방향지시등 전압을 우측으로 오인식 가능성,등화장치,https://www.data.go.kr/data/15125831/fileData.do,https://www.car.go.kr/home/main.do,2026-08-24
REC-6CC3887A77E8785F,현대자동차,쏘나타 하이브리드(LF HEV),HYU_SONATA,2014-12-04,2017-05-08,2021-11-02,21227,멀티펑션스위치 부품 내구성을 감안한 설계로직 설정 미흡으로 스마트정션박스측에서 좌측 방향지시등 전압을 우측으로 오인식 가능성,등화장치,https://www.data.go.kr/data/15125831/fileData.do,https://www.car.go.kr/home/main.do,2026-08-24
REC-3813AA45B83D7D13,현대자동차,쏘나타 플러그인 하이브리드(LF PHEV),HYU_SONATA,2014-12-23,2017-05-11,2021-11-02,348,멀티펑션스위치 부품 내구성을 감안한 설계로직 설정 미흡으로 스마트정션박스측에서 좌측 방향지시등 전압을 우측으로 오인식 가능성,등화장치,https://www.data.go.kr/data/15125831/fileData.do,https://www.car.go.kr/home/main.do,2026-08-24
REC-00FCC402A425DF0A,현대자동차,팰리세이드(LX2),HYU_PALISADE,2021-03-09,2021-03-31,2021-11-02,4366,차량 제조공정 중 오유입된 광유계 오일(엔진오일 등)을 컵씰이 흡수하여 발생된 컵씰 부풀음에 의해 마스터실린더 압력 형성 저하,제동장치,https://www.data.go.kr/data/15125831/fileData.do,https://www.car.go.kr/home/main.do,2026-08-24
REC-8DB7BD1457084677,기아,카니발(YP),KIA_CARNIVAL,2018-03-05,2020-07-17,2021-11-18,130836,전자식워터펌프 냉각수 호스 클립 설계 강건성 미흡으로 인해 냉각수 누수로 스타트모터 단자부 소손되어 화재 가능성,엔진·동력장치,https://www.data.go.kr/data/15125831/fileData.do,https://www.car.go.kr/home/main.do,2026-08-24
REC-645777C65EE4B94D,기아,K7(YG),KIA_K7,2018-08-07,2020-06-18,2021-11-18,2301,전자식워터펌프 냉각수 호스 클립 설계 강건성 미흡으로 인해 냉각수 누수로 스타트모터 단자부 소손되어 화재 가능성,엔진·동력장치,https://www.data.go.kr/data/15125831/fileData.do,https://www.car.go.kr/home/main.do,2026-08-24
REC-9E1BE00C7A546A6B,기아,카니발(KA4),KIA_CARNIVAL,2021-07-28,2021-10-29,2021-12-02,10201,우측 자동문(파워슬라이딩 도어) 잠금장치 내부 부품 제조불량(치수불량)으로 부품간 간섭으로 인해 간헐적으로 잠금장치 작동불량 발생,차체·구조,https://www.data.go.kr/data/15125831/fileData.do,https://www.car.go.kr/home/main.do,2026-08-24
REC-F70AB8B0658439F2,기아,카니발(KA4),KIA_CARNIVAL,2021-07-28,2021-10-26,2021-12-02,182,우측 자동문(파워슬라이딩 도어) 잠금장치 내부 부품 제조불량(치수불량)으로 부품간 간섭으로 인해 간헐적으로 잠금장치 작동불량 발생,차체·구조,https://www.data.go.kr/data/15125831/fileData.do,https://www.car.go.kr/home/main.do,2026-08-24
REC-61B6AB21C66E25ED,현대자동차,쏘나타 하이브리드 (LF HEV),HYU_SONATA,2015-02-28,2017-05-08,2021-12-30,14616,"차량 지속 운행시 시동 꺼짐 및 화재 발생 가능성 있을 수 있음 ※ 미국 비충돌화재 결함조사 진행 (PE, '19.4월~), 리콜 권고 에 대한 시장 조치",기타,https://www.data.go.kr/data/15125831/fileData.do,https://www.car.go.kr/home/main.do,2026-08-24
REC-D3BE62DE271C252A,현대자동차,싼타페 (TM PE),HYU_SANTAFE,2021-10-21,2021-12-06,2022-01-20,753,계기판 내부 부품 (저항값) 오적용으로 인해 저온조건(약 -20℃ 이하)에서 시동 시 간헐적으로 계기판 화면이 반전될 수 있고 그 상태로 주행할 경우 안전에 지장을 줄 가능성이 있는 결함,전기·전자장치,https://www.data.go.kr/data/15125831/fileData.do,https://www.car.go.kr/home/main.do,2026-08-24
REC-A597DC5D39C533CE,현대자동차,싼타페 하이브리드 (TM PE HEV),HYU_SANTAFE,2021-10-19,2021-12-06,2022-01-20,1172,계기판 내부 부품 (저항값) 오적용으로 인해 저온조건(약 -20℃ 이하)에서 시동 시 간헐적으로 계기판 화면이 반전될 수 있고 그 상태로 주행할 경우 안전에 지장을 줄 가능성이 있는 결함,전기·전자장치,https://www.data.go.kr/data/15125831/fileData.do,https://www.car.go.kr/home/main.do,2026-08-24
REC-0D8110DFD5C87632,현대자동차,쏘나타 하이브리드 (LF HEV),HYU_SONATA,2016-04-12,2017-05-08,2022-02-11,487,리콜 조치 이후 일부 차량에서 쏘나타 하이브리드 (LF HEV) 17MY KSDS 진단 로직 오류로 인해 엔진 진동 이상 발생시 고장 진단을 못하여 엔진 내부의 일부 부품 마모 등 손상으로 인해 지속 운행시 시동 꺼짐 및 화재 발생 가능성,엔진·동력장치,https://www.data.go.kr/data/15125831/fileData.do,https://www.car.go.kr/home/main.do,2026-08-24
REC-50E9C5E17FB40BB5,기아,카니발(YP),KIA_CARNIVAL,2016-06-02,2019-03-11,2022-02-18,178343,"에어백 제어기(ACU) 제조 산포에 의해 커버와 내부 부품(EEPROM) 간 간섭 및 손상 발생으로 인해 지속 운행시 내부 부품이 손상되어 에어백 경고등이 점등되고, 충돌 사고시 에어백이 전개되지 않아 탑승자 상해 가능성이 있는 결함 ※ 에어백 제어기(ACU) : 충돌 센서에서 신호를 받아 에어백에 전개신호를 전달하는 장치 EEPROM (Eletrically Erasable Programmable Read-Only Memory, 메모리 영구 저장 소자) : 에어백 사양 정보, 전개 파라미터 등이 담긴 메모리",탑승자보호,https://www.data.go.kr/data/15125831/fileData.do,https://www.car.go.kr/home/main.do,2026-08-24
REC-59EFF7A69482A7CA,기아,카니발(YP),KIA_CARNIVAL,2016-06-03,2019-02-01,2022-02-18,13015,"에어백 제어기(ACU) 제조 산포에 의해 커버와 내부 부품(EEPROM) 간 간섭 및 손상 발생으로 인해 지속 운행시 내부 부품이 손상되어 에어백 경고등이 점등되고, 충돌 사고시 에어백이 전개되지 않아 탑승자 상해 가능성이 있는 결함 ※ 에어백 제어기(ACU) : 충돌 센서에서 신호를 받아 에어백에 전개신호를 전달하는 장치 EEPROM (Eletrically Erasable Programmable Read-Only Memory, 메모리 영구 저장 소자) : 에어백 사양 정보, 전개 파라미터 등이 담긴 메모리",탑승자보호,https://www.data.go.kr/data/15125831/fileData.do,https://www.car.go.kr/home/main.do,2026-08-24
REC-28232BFBBDF38C19,기아,K3(YDPE),KIA_K3,2017-02-24,2018-02-26,2022-02-18,25863,"에어백 제어기(ACU) 제조 산포에 의해 커버와 내부 부품(EEPROM) 간 간섭 및 손상 발생으로 인해 지속 운행시 내부 부품이 손상되어 에어백 경고등이 점등되고, 충돌 사고시 에어백이 전개되지 않아 탑승자 상해 가능성이 있는 결함 ※ 에어백 제어기(ACU) : 충돌 센서에서 신호를 받아 에어백에 전개신호를 전달하는 장치 EEPROM (Eletrically Erasable Programmable Read-Only Memory, 메모리 영구 저장 소자) : 에어백 사양 정보, 전개 파라미터 등이 담긴 메모리",탑승자보호,https://www.data.go.kr/data/15125831/fileData.do,https://www.car.go.kr/home/main.do,2026-08-24
REC-A4D7308B913CC090,기아,레이(TAMPE),KIA_RAY,2017-11-29,2019-01-30,2022-02-18,27813,"에어백 제어기(ACU) 제조 산포에 의해 커버와 내부 부품(EEPROM) 간 간섭 및 손상 발생으로 인해 지속 운행시 내부 부품이 손상되어 에어백 경고등이 점등되고, 충돌 사고시 에어백이 전개되지 않아 탑승자 상해 가능성이 있는 결함 ※ 에어백 제어기(ACU) : 충돌 센서에서 신호를 받아 에어백에 전개신호를 전달하는 장치 EEPROM (Eletrically Erasable Programmable Read-Only Memory, 메모리 영구 저장 소자) : 에어백 사양 정보, 전개 파라미터 등이 담긴 메모리",탑승자보호,https://www.data.go.kr/data/15125831/fileData.do,https://www.car.go.kr/home/main.do,2026-08-24
REC-723D66A9E20EE175,기아,쏘렌토 (UM/UM PE),KIA_SORENTO,2014-08-25,2020-02-28,2022-03-11,373721,디젤 엔진 장착 일부 전기식 보조 히터(PTC) 커넥터 내열성 부족으로 온도가 과도하게 증가하여 차량운행시 커넥터 단자가 손상되고 전기배선이 끊어져 차량 화재 발생 가능성,전기·전자장치,https://www.data.go.kr/data/15125831/fileData.do,https://www.car.go.kr/home/main.do,2026-08-24
REC-C405F06361D47E53,기아,스포티지 (QL/QL PE),KIA_SPORTAGE,2015-08-17,2021-07-09,2022-03-11,188075,디젤 엔진 장착 일부 전기식 보조 히터(PTC) 커넥터 내열성 부족으로 온도가 과도하게 증가하여 차량운행시 커넥터 단자가 손상되고 전기배선이 끊어져 차량 화재 발생 가능성,전기·전자장치,https://www.data.go.kr/data/15125831/fileData.do,https://www.car.go.kr/home/main.do,2026-08-24
REC-F224B54AF6E6263F,현대자동차,투싼 (TL),HYU_TUCSON,2015-01-08,2018-07-18,2022-03-11,165430,디젤 엔진 장착 일부 전기식 보조 히터(PTC) 커넥터 내열성 부족으로 온도가 과도하게 증가하여 차량운행시 커넥터 단자가 손상되고 전기배선이 끊어져 차량 화재 발생 가능성,전기·전자장치,https://www.data.go.kr/data/15125831/fileData.do,https://www.car.go.kr/home/main.do,2026-08-24
REC-D62863BDC681B148,기아,카니발(KA4),KIA_CARNIVAL,2021-04-15,2021-04-27,2022-03-11,280,카니발(KA4) 11인승 일부 차량의 3열 좌측 좌석 하부 프레임 용접불량으로 인해 충돌 시 3열 좌측 및 중앙 좌석안전띠 부착강도가 안전기준을 만족하지 못하는 결함,탑승자보호,https://www.data.go.kr/data/15125831/fileData.do,https://www.car.go.kr/home/main.do,2026-08-24
REC-04DACF15BD25D56F,현대자동차,싼타페(TM PE),HYU_SANTAFE,2020-06-03,2021-12-04,2022-03-18,23670,디젤 2.0/2.2 엔진 연료공급호스 클램프 사양 선정 및 체결 간극 설정 미흡으로 인해 체결력 부족으로 연료 누유,연료장치,https://www.data.go.kr/data/15125831/fileData.do,https://www.car.go.kr/home/main.do,2026-08-24
REC-E8DA87E4EEB8116D,현대자동차,투싼(NX4),HYU_TUCSON,2020-05-28,2021-05-24,2022-03-18,107,디젤 2.0/2.2 엔진 연료공급호스 클램프 사양 선정 및 체결 간극 설정 미흡으로 인해 체결력 부족으로 연료 누유,연료장치,https://www.data.go.kr/data/15125831/fileData.do,https://www.car.go.kr/home/main.do,2026-08-24
REC-6A157644F4287490,기아,카니발(KA4),KIA_CARNIVAL,2020-04-02,2021-12-21,2022-03-18,19009,디젤 2.2 엔진 연료공급호스 클램프 사양 선정 및 체결 간극 설정 미흡으로 인해 체결력 부족으로 연료 누유,연료장치,https://www.data.go.kr/data/15125831/fileData.do,https://www.car.go.kr/home/main.do,2026-08-24
REC-23C46CA2A1A36A71,기아,카니발(KA4),KIA_CARNIVAL,2020-05-29,2020-11-05,2022-03-18,468,디젤 2.2 엔진 연료공급호스 클램프 사양 선정 및 체결 간극 설정 미흡으로 인해 체결력 부족으로 연료 누유,연료장치,https://www.data.go.kr/data/15125831/fileData.do,https://www.car.go.kr/home/main.do,2026-08-24
REC-A1A78EAAFF719559,기아,쏘렌토(MQ4),KIA_SORENTO,2020-03-03,2021-12-16,2022-03-18,45663,디젤 2.2 엔진 연료공급호스 클램프 사양 선정 및 체결 간극 설정 미흡으로 인해 체결력 부족으로 연료 누유,연료장치,https://www.data.go.kr/data/15125831/fileData.do,https://www.car.go.kr/home/main.do,2026-08-24
REC-E69DB05D299E7F4E,기아,K5하이브리드 (JF HEV),KIA_K5,2016-06-28,2018-05-04,2022-03-31,4717,"누우2.0GDI엔진 장착 일부 차량에서 엔진 내부의 일부 부품 마모 등 손상으로 인해 차량 지속 운행시 시동 꺼짐 및 화재 발생 가능성 있을 수 있음 ※ 미국 비충돌화재 결함조사 진행 (PE, '19.4월~), 차종 추가 리콜 권고 에 대한 시장 조치",엔진·동력장치,https://www.data.go.kr/data/15125831/fileData.do,https://www.car.go.kr/home/main.do,2026-08-24
REC-B7A8B7ACF3BC4B5D,기아,K5플러그인하이브리드 (JF PHEV),KIA_K5,2016-06-27,2018-06-15,2022-03-31,43,"누우2.0GDI엔진 장착 일부 차량에서 엔진 내부의 일부 부품 마모 등 손상으로 인해 차량 지속 운행시 시동 꺼짐 및 화재 발생 가능성 있을 수 있음 ※ 미국 비충돌화재 결함조사 진행 (PE, '19.4월~), 차종 추가 리콜 권고 에 대한 시장 조치",엔진·동력장치,https://www.data.go.kr/data/15125831/fileData.do,https://www.car.go.kr/home/main.do,2026-08-24
REC-0A83404A9E593F5E,기아,쏘렌토(MQ4),KIA_SORENTO,2021-07-05,2021-08-17,2022-04-01,560,일부 차량에서 앞좌석 안전띠 조절장치의 일부부품 문제로 충돌시 문제 부품이 이탈되어 탑승자에게 상해를 줄 수 있는 가능성,탑승자보호,https://www.data.go.kr/data/15125831/fileData.do,https://www.car.go.kr/home/main.do,2026-08-24
REC-BBD7D24D48F4E931,기아,쏘렌토 하이브리드(MQ4 HEV),KIA_SORENTO,2021-07-05,2021-07-13,2022-04-01,385,일부 차량에서 앞좌석 안전띠 조절장치의 일부부품 문제로 충돌시 문제 부품이 이탈되어 탑승자에게 상해를 줄 수 있는 가능성,탑승자보호,https://www.data.go.kr/data/15125831/fileData.do,https://www.car.go.kr/home/main.do,2026-08-24
REC-847C0A8E90A8A75B,현대자동차,아반떼(CN7),HYU_AVANTE,2021-07-05,2021-08-10,2022-04-01,258,앞좌석 안전띠 조절장치의 일부부품 문제로 충돌시 문제 부품이 이탈되어 탑승자에게 상해를 줄 가능성,탑승자보호,https://www.data.go.kr/data/15125831/fileData.do,https://www.car.go.kr/home/main.do,2026-08-24
REC-8A74152D47A62FB0,현대자동차,아반떼 하이브리드(CN7 HEV),HYU_AVANTE,2021-07-05,2021-07-09,2022-04-01,42,앞좌석 안전띠 조절장치의 일부부품 문제로 충돌시 문제 부품이 이탈되어 탑승자에게 상해를 줄 가능성,탑승자보호,https://www.data.go.kr/data/15125831/fileData.do,https://www.car.go.kr/home/main.do,2026-08-24
REC-B674087065AEFA4F,현대자동차,그랜저(IG),HYU_GRANDEUR,2021-07-03,2021-08-27,2022-04-01,789,앞좌석 안전띠 조절장치의 일부부품 문제로 충돌시 문제 부품이 이탈되어 탑승자에게 상해를 줄 가능성,탑승자보호,https://www.data.go.kr/data/15125831/fileData.do,https://www.car.go.kr/home/main.do,2026-08-24
REC-D17EA575D2E8AD72,현대자동차,그랜저 하이브리드(IG HEV),HYU_GRANDEUR,2021-07-03,2021-08-27,2022-04-01,456,앞좌석 안전띠 조절장치의 일부부품 문제로 충돌시 문제 부품이 이탈되어 탑승자에게 상해를 줄 가능성,탑승자보호,https://www.data.go.kr/data/15125831/fileData.do,https://www.car.go.kr/home/main.do,2026-08-24
REC-24EF881A2C8ACF45,현대자동차,싼타페(TM),HYU_SANTAFE,2021-07-03,2021-10-27,2022-04-01,271,앞좌석 안전띠 조절장치의 일부부품 문제로 충돌시 문제 부품이 이탈되어 탑승자에게 상해를 줄 가능성,탑승자보호,https://www.data.go.kr/data/15125831/fileData.do,https://www.car.go.kr/home/main.do,2026-08-24
REC-E4A931D10CF4EAED,현대자동차,싼타페 하이브리드(TM HEV),HYU_SANTAFE,2021-07-03,2021-10-27,2022-04-01,117,앞좌석 안전띠 조절장치의 일부부품 문제로 충돌시 문제 부품이 이탈되어 탑승자에게 상해를 줄 가능성,탑승자보호,https://www.data.go.kr/data/15125831/fileData.do,https://www.car.go.kr/home/main.do,2026-08-24
REC-83ECD47D9AB27A8A,기아,K7(VG),KIA_K7,2009-11-18,2016-05-23,2022-04-08,164525,일부 차량에서 앞면창유리의 부착력 불량으로 들뜸이 발생되고 충돌 시 앞면창유리 이탈되어 탑승자의 부상위험 증가될 가능성,차체·구조,https://www.data.go.kr/data/15125831/fileData.do,https://www.car.go.kr/home/main.do,2026-08-24
REC-167698500CA74957,기아,EV6(CV),KIA_EV6,2021-07-12,2022-05-03,2022-05-19,18593,전자식변속제어장치(SCU) 로직 미흡으로 인해 경사로 주차 중 변속장치의 주차유지(P단)가 해제되면서 차량 전/후방 밀림,엔진·동력장치,https://www.data.go.kr/data/15125831/fileData.do,https://www.car.go.kr/home/main.do,2026-08-24
REC-770160EA1610876A,현대자동차,아이오닉5NE),HYU_IONIQ5,2021-03-26,2022-05-09,2022-05-19,33660,전자식변속제어장치(SCU) 로직 미흡으로 인해 경사로 주차 중 변속장치의 주차유지(P단)가 해제되면서 차량 전/후방 밀림,엔진·동력장치,https://www.data.go.kr/data/15125831/fileData.do,https://www.car.go.kr/home/main.do,2026-08-24
REC-4C7F10D5C13E57EA,현대자동차,투싼(TL),HYU_TUCSON,2018-07-10,2020-09-28,2022-07-11,13685,디젤1.6 엔진 장착 일부 차량에서 연료필터 설계오류(유리섬유 성분 사용)로 인해 여과지의 유리섬유 성분이 탈락되어 고압펌프로 유입되면 고압펌프의 내부부품(구동부)이 손상되어 연료 분사가 정상적으로 작동되지 않아 시동이 꺼질 가능성,연료장치,https://www.data.go.kr/data/15125831/fileData.do,https://www.car.go.kr/home/main.do,2026-08-24
REC-DE236D8A61547D7D,현대자동차,코나(OS),HYU_KONA,2018-03-29,2020-08-27,2022-07-11,2504,디젤1.6 엔진 장착 일부 차량에서 연료필터 설계오류(유리섬유 성분 사용)로 인해 여과지의 유리섬유 성분이 탈락되어 고압펌프로 유입되면 고압펌프의 내부부품(구동부)이 손상되어 연료 분사가 정상적으로 작동되지 않아 시동이 꺼질 가능성,연료장치,https://www.data.go.kr/data/15125831/fileData.do,https://www.car.go.kr/home/main.do,2026-08-24
REC-803406BEDD1F2074,현대자동차,투싼(TL),HYU_TUCSON,2018-12-15,2020-06-23,2022-07-11,8494,"브레이크 진공펌프 내 메쉬필터의 설계오류로 오일 공급이 제대로 되지 않아 진공펌프가 고착되고, 이로 인해 진공압이 형성되지 않아 제동 시 브레이크 페달을 평상시대로 밟을 경우 제동거리가 길어질 가능성",제동장치,https://www.data.go.kr/data/15125831/fileData.do,https://www.car.go.kr/home/main.do,2026-08-24
REC-3C0913DD59212DB9,현대자동차,코나(OS),HYU_KONA,2019-01-08,2020-06-29,2022-07-11,2192,"브레이크 진공펌프 내 메쉬필터의 설계오류로 오일 공급이 제대로 되지 않아 진공펌프가 고착되고, 이로 인해 진공압이 형성되지 않아 제동 시 브레이크 페달을 평상시대로 밟을 경우 제동거리가 길어질 가능성",제동장치,https://www.data.go.kr/data/15125831/fileData.do,https://www.car.go.kr/home/main.do,2026-08-24
REC-1E994035E62B07ED,기아,셀토스(SP2),KIA_SELTOS,2019-07-08,2020-10-21,2022-07-11,9735,"브레이크 진공펌프 내 메쉬필터의 설계오류로 오일 공급이 제대로 되지 않아 진공펌프가 고착되고, 이로 인해 진공압이 형성되지 않아 제동 시 브레이크 페달을 평상시대로 밟을 경우 제동거리가 길어질 가능성",제동장치,https://www.data.go.kr/data/15125831/fileData.do,https://www.car.go.kr/home/main.do,2026-08-24
REC-B83DB6C9A074DC3E,기아,스포티지(QL),KIA_SPORTAGE,2019-06-28,2020-12-24,2022-07-11,2275,"브레이크 진공펌프 내 메쉬필터의 설계오류로 오일 공급이 제대로 되지 않아 진공펌프가 고착되고, 이로 인해 진공압이 형성되지 않아 제동 시 브레이크 페달을 평상시대로 밟을 경우 제동거리가 길어질 가능성",제동장치,https://www.data.go.kr/data/15125831/fileData.do,https://www.car.go.kr/home/main.do,2026-08-24
REC-2DF60E7A62D31618,기아,셀토스(SP2),KIA_SELTOS,2019-07-04,2021-08-21,2022-07-11,16421,디젤1.6 엔진 장착 일부 차량에서 연료필터 설계오류(유리섬유 성분 사용)로 인해 여과지의 유리섬유 성분이 탈락되어 고압펌프로 유입되면 고압펌프의 내부부품(구동부)이 손상되어 연료 분사가 정상적으로 작동되지 않아 시동이 꺼질 가능성,연료장치,https://www.data.go.kr/data/15125831/fileData.do,https://www.car.go.kr/home/main.do,2026-08-24
REC-3E076478FFFA6A57,기아,스포티지(QL),KIA_SPORTAGE,2018-06-29,2021-07-09,2022-07-11,11562,디젤1.6 엔진 장착 일부 차량에서 연료필터 설계오류(유리섬유 성분 사용)로 인해 여과지의 유리섬유 성분이 탈락되어 고압펌프로 유입되면 고압펌프의 내부부품(구동부)이 손상되어 연료 분사가 정상적으로 작동되지 않아 시동이 꺼질 가능성,연료장치,https://www.data.go.kr/data/15125831/fileData.do,https://www.car.go.kr/home/main.do,2026-08-24
REC-21273E145DCA0213,현대자동차,더 뉴 팰리세이드,HYU_PALISADE,2022-05-04,2022-07-12,2022-07-21,4072,8속 자동 변속기 사양 변경 에 따른 ECU 소프트웨어 반영 오류로 저속 타력주행 구간에서 엔진 RPM 떨어짐,엔진·동력장치,https://www.data.go.kr/data/15125831/fileData.do,https://www.car.go.kr/home/main.do,2026-08-24
REC-D3E04FF2AC721294,현대자동차,아반떼(CN7),HYU_AVANTE,2020-03-11,2022-05-16,2022-07-22,152627,"아반떼(CN7), 아반떼 하이브리드(CN7 HEV), 아반떼 N(CN7 N), 아반떼 N-Line(CN7 N-Line) 일부 차량에서 충돌 사고시 앞좌석 안전띠 조절장치 내부부품(프리텐셔너 가스발생기)의 작동반발력이 증가하여 장치내 일부부품(가스발생기)이 튀어나와 뒷좌석 탑승자에게 상해를 입힐 가능성이 있는 결함",탑승자보호,https://www.data.go.kr/data/15125831/fileData.do,https://www.car.go.kr/home/main.do,2026-08-24
REC-B262AC674C23AF1E,현대자동차,아반떼 하이브리드(CN7 HEV),HYU_AVANTE,2020-08-12,2022-05-18,2022-07-22,12701,"아반떼(CN7), 아반떼 하이브리드(CN7 HEV), 아반떼 N(CN7 N), 아반떼 N-Line(CN7 N-Line) 일부 차량에서 충돌 사고시 앞좌석 안전띠 조절장치 내부부품(프리텐셔너 가스발생기)의 작동반발력이 증가하여 장치내 일부부품(가스발생기)이 튀어나와 뒷좌석 탑승자에게 상해를 입힐 가능성이 있는 결함",탑승자보호,https://www.data.go.kr/data/15125831/fileData.do,https://www.car.go.kr/home/main.do,2026-08-24
REC-1EB45237552886D0,현대자동차,아반떼 N(CN7 N),HYU_AVANTE,2021-06-24,2022-05-16,2022-07-22,2932,"아반떼(CN7), 아반떼 하이브리드(CN7 HEV), 아반떼 N(CN7 N), 아반떼 N-Line(CN7 N-Line) 일부 차량에서 충돌 사고시 앞좌석 안전띠 조절장치 내부부품(프리텐셔너 가스발생기)의 작동반발력이 증가하여 장치내 일부부품(가스발생기)이 튀어나와 뒷좌석 탑승자에게 상해를 입힐 가능성이 있는 결함",탑승자보호,https://www.data.go.kr/data/15125831/fileData.do,https://www.car.go.kr/home/main.do,2026-08-24
REC-60927E740A639330,현대자동차,아반떼 N-Line(CN7 N-Line),HYU_AVANTE,2020-08-24,2022-05-14,2022-07-22,2018,"아반떼(CN7), 아반떼 하이브리드(CN7 HEV), 아반떼 N(CN7 N), 아반떼 N-Line(CN7 N-Line) 일부 차량에서 충돌 사고시 앞좌석 안전띠 조절장치 내부부품(프리텐셔너 가스발생기)의 작동반발력이 증가하여 장치내 일부부품(가스발생기)이 튀어나와 뒷좌석 탑승자에게 상해를 입힐 가능성이 있는 결함",탑승자보호,https://www.data.go.kr/data/15125831/fileData.do,https://www.car.go.kr/home/main.do,2026-08-24
REC-960753837C727751,기아,EV6(CV),KIA_EV6,2021-07-12,2022-05-03,2022-08-01,463,전자식변속제어장치(SCU) 로직 미흡으로 인해 경사로 주차 중 변속장치의 주차유지(P단)가 해제되면서 차량 전/후방 밀림,엔진·동력장치,https://www.data.go.kr/data/15125831/fileData.do,https://www.car.go.kr/home/main.do,2026-08-24
REC-D535A35FD0BC60CE,현대자동차,싼타페 DM),HYU_SANTAFE,2015-01-05,2018-01-30,2022-08-31,173199,HECU 모듈 내 회로 기판의 전기적 합선,제동장치,https://www.data.go.kr/data/15125831/fileData.do,https://www.car.go.kr/home/main.do,2026-08-24
REC-3A048796F47BD1AE,현대자동차,아반떼 N,HYU_AVANTE,2021-12-07,2022-05-16,2022-09-06,112,"현대자동차(주)에서는 아반떼N(CN7 KN), 아반떼N Line(CN7) 일부 차량에서 조향 핸들의 엠블럼(H 표시) 부착 제조 공정 불량으로 엠블럼 부착력 저하로 인해 운전석 정면 에어백 전개시 조향 핸들 엠블럼이 이탈되어 운전자 상해 가능성이 있는 결함이 확인됨",탑승자보호,https://www.data.go.kr/data/15125831/fileData.do,https://www.car.go.kr/home/main.do,2026-08-24
REC-B210E1E9E97E9A59,현대자동차,아반떼 N Line,HYU_AVANTE,2021-12-07,2022-05-09,2022-09-06,13,"현대자동차(주)에서는 아반떼N(CN7 KN), 아반떼N Line(CN7) 일부 차량에서 조향 핸들의 엠블럼(H 표시) 부착 제조 공정 불량으로 엠블럼 부착력 저하로 인해 운전석 정면 에어백 전개시 조향 핸들 엠블럼이 이탈되어 운전자 상해 가능성이 있는 결함이 확인됨",탑승자보호,https://www.data.go.kr/data/15125831/fileData.do,https://www.car.go.kr/home/main.do,2026-08-24
REC-29764F731657D5D7,기아,스포티지(NQ5),KIA_SPORTAGE,2021-07-05,2022-05-25,2022-10-06,29687,2열 좌석 하부 전기배선의 경로가 정상 경로에서 벗어나 폴드&다이브 기능 사용 시 좌석 하부 프레임과 전기배선 간섭으로 배선이 손상되어 발열 및 좌석 화재 가능성,전기·전자장치,https://www.data.go.kr/data/15125831/fileData.do,https://www.car.go.kr/home/main.do,2026-08-24
REC-08D80E6F587556A5,기아,쏘렌토R(XM페이스리프트),KIA_SORENTO,2012-06-29,2014-08-21,2022-10-06,59828,쏘렌토R (XM 페이스리프트) 디젤 엔진 장착 차량에서 전기식 보조 히터(PTC) 커넥터 전기배선 고정위치 불량으로 일부 차량 운행시 커넥터 단자 손상으로 인해 차량 화재 발생 가능성이 있는 결함이 확인,전기·전자장치,https://www.data.go.kr/data/15125831/fileData.do,https://www.car.go.kr/home/main.do,2026-08-24
REC-5ADF2BEF694F0DDE,기아,니로 플러스(DE PBV),KIA_NIRO,2022-05-10,2022-09-05,2022-10-06,3071,에어백 제어장치(ACU) 설계로직 미흡으로 인해 충돌 사고 시 모든 에어백(정면/측면/커튼/무릎) 및 안전띠 프리텐셔너가 전개되지 않아 탑승자 상해 발생 가능성 - 에어백 제어장치(ACU) 설계로직 미흡으로 차량 시동시 에어백시스템이 간헐적으로 정상 동작되지 않음,탑승자보호,https://www.data.go.kr/data/15125831/fileData.do,https://www.car.go.kr/home/main.do,2026-08-24
REC-5F712483950C4580,현대자동차,아반떼N (CN7N),HYU_AVANTE,2021-01-12,2022-04-04,2022-10-27,2020,"싼타페(TM PE) 등 5개 차종의 일부 차량에서 습식 8단변속기 변속기 제어장치 (TCU) 소프트웨어 설계 오류로, 제어용 전동식 오일 펌프(HP EOP) 불량 발생시 변속이 되지 않아 사고 발생 가능성",엔진·동력장치,https://www.data.go.kr/data/15125831/fileData.do,https://www.car.go.kr/home/main.do,2026-08-24
REC-B26075BABC199A6A,현대자동차,쏘나타N Line (DN8),HYU_SONATA,2020-06-15,2022-04-08,2022-10-27,582,"싼타페(TM PE) 등 5개 차종의 일부 차량에서 습식 8단변속기 변속기 제어장치 (TCU) 소프트웨어 설계 오류로, 제어용 전동식 오일 펌프(HP EOP) 불량 발생시 변속이 되지 않아 사고 발생 가능성",엔진·동력장치,https://www.data.go.kr/data/15125831/fileData.do,https://www.car.go.kr/home/main.do,2026-08-24
REC-56348818F9F44D04,현대자동차,코나N (OSN),HYU_KONA,2020-11-16,2022-03-24,2022-10-27,411,"싼타페(TM PE) 등 5개 차종의 일부 차량에서 습식 8단변속기 변속기 제어장치 (TCU) 소프트웨어 설계 오류로, 제어용 전동식 오일 펌프(HP EOP) 불량 발생시 변속이 되지 않아 사고 발생 가능성",엔진·동력장치,https://www.data.go.kr/data/15125831/fileData.do,https://www.car.go.kr/home/main.do,2026-08-24
REC-6E04DD8B07915283,현대자동차,싼타페 (TM PE),HYU_SANTAFE,2020-01-14,2022-05-31,2022-10-27,64703,"싼타페(TM PE) 등 5개 차종의 일부 차량에서 습식 8단변속기 변속기 제어장치 (TCU) 소프트웨어 설계 오류로, 제어용 전동식 오일 펌프(HP EOP) 불량 발생시 변속이 되지 않아 사고 발생 가능성",엔진·동력장치,https://www.data.go.kr/data/15125831/fileData.do,https://www.car.go.kr/home/main.do,2026-08-24
REC-753F84B9F9500E2A,기아,쏘렌토(MQ4),KIA_SORENTO,2020-02-26,2022-06-02,2022-10-27,93945,"습식 8단변속기 변속기 제어장치 (TCU) 안전운행 모드 관련 소프트웨어 설계 오류로, 변속기 오일 펌프(HP EOP) 불량 발생시 변속이 되지 않아 사고 발생 가능성",엔진·동력장치,https://www.data.go.kr/data/15125831/fileData.do,https://www.car.go.kr/home/main.do,2026-08-24
REC-CEA495C24A87BF56,현대자동차,싼타페(TM PE),HYU_SANTAFE,2020-06-17,2022-07-26,2022-10-27,66133,"싼타페(TM PE), 싼타페 하이브리드(TM HEV), G80 전기차(RG3 EV) 일부 차량에서 충돌 사고시 앞좌석 안전띠 조절장치 내부부품(프리텐셔너 가스발생기)의 작동반발력이 증가하여 장치내 일부부품(가스발생기)이 튀어나와 뒷좌석 탑승자에게 상해를 입힐 가능성이 있는 결함",탑승자보호,https://www.data.go.kr/data/15125831/fileData.do,https://www.car.go.kr/home/main.do,2026-08-24
REC-2F7B8E0BB6B9273F,현대자동차,싼타페 하이브리드(TM HEV),HYU_SANTAFE,2021-06-01,2022-07-21,2022-10-27,14431,"싼타페(TM PE), 싼타페 하이브리드(TM HEV), G80 전기차(RG3 EV) 일부 차량에서 충돌 사고시 앞좌석 안전띠 조절장치 내부부품(프리텐셔너 가스발생기)의 작동반발력이 증가하여 장치내 일부부품(가스발생기)이 튀어나와 뒷좌석 탑승자에게 상해를 입힐 가능성이 있는 결함",탑승자보호,https://www.data.go.kr/data/15125831/fileData.do,https://www.car.go.kr/home/main.do,2026-08-24
REC-9D51E09000F6A0B0,기아,스포티지(SL),KIA_SPORTAGE,2013-07-11,2015-09-01,2022-10-31,97022,HECU 모듈 내 회로 기판의 전기적 합선,제동장치,https://www.data.go.kr/data/15125831/fileData.do,https://www.car.go.kr/home/main.do,2026-08-24
REC-A3E4A5DFF6298A8A,현대자동차,투싼(LM),HYU_TUCSON,2013-05-08,2015-03-17,2022-10-31,80659,HECU 모듈 내 회로 기판의 전기적 합선,제동장치,https://www.data.go.kr/data/15125831/fileData.do,https://www.car.go.kr/home/main.do,2026-08-24
REC-3819BAB428C65FD1,기아,니로(SG2),KIA_NIRO,2021-12-16,2022-09-21,2022-11-01,12680,충돌 사고 시 앞좌석(운전석) 안전띠 조절장치 내부부품(프리텐셔너 가스발생기)의 작동반발력이 증가하여 해당부품(프리텐셔너 가스발생기)이 튀어나와 뒷좌석 탑승자에게 상해를 입힐 가능성,탑승자보호,https://www.data.go.kr/data/15125831/fileData.do,https://www.car.go.kr/home/main.do,2026-08-24
REC-891A9D5108319A51,기아,니로 EV(SG2 EV),KIA_NIRO,2022-05-26,2022-07-06,2022-11-01,226,충돌 사고 시 앞좌석(운전석) 안전띠 조절장치 내부부품(프리텐셔너 가스발생기)의 작동반발력이 증가하여 해당부품(프리텐셔너 가스발생기)이 튀어나와 뒷좌석 탑승자에게 상해를 입힐 가능성,탑승자보호,https://www.data.go.kr/data/15125831/fileData.do,https://www.car.go.kr/home/main.do,2026-08-24
REC-60554B2FE2E03902,기아,쏘렌토R (XM 페이스리프트),KIA_SORENTO,2012-06-28,2014-05-19,2022-11-10,833,쏘렌토R (XM 페이스리프트) 디젤 엔진 장착 차량에서 전기식 보조 히터(PTC) 커넥터 전기배선 고정위치 불량으로 일부 차량 운행시 커넥터 단자 손상으로 인해 차량 화재 발생 가능성이 있는 결함이 확인,전기·전자장치,https://www.data.go.kr/data/15125831/fileData.do,https://www.car.go.kr/home/main.do,2026-08-24
REC-08F0C0189A0DF775,기아,카니발,KIA_CARNIVAL,2021-08-13,2022-10-20,2022-11-24,1144,가솔린 3.5L GDI 엔진 일부차량에서 엔진제어장치(ECU) 소프트웨어 반영 오류로 타력 주행 구간에서 엔진 구동력 부족 발생,엔진·동력장치,https://www.data.go.kr/data/15125831/fileData.do,https://www.car.go.kr/home/main.do,2026-08-24
REC-60322B317DCD9FBE,기아,카니발,KIA_CARNIVAL,2021-07-05,2022-10-27,2022-11-24,23347,가솔린 3.5L GDI 엔진 일부차량에서 엔진제어장치(ECU) 소프트웨어 반영 오류로 타력 주행 구간에서 엔진 구동력 부족 발생,엔진·동력장치,https://www.data.go.kr/data/15125831/fileData.do,https://www.car.go.kr/home/main.do,2026-08-24
REC-D2866C848228200C,현대자동차,싼타페(TM PE),HYU_SANTAFE,2020-06-24,2022-08-31,2022-12-13,642,"싼타페(TM PE), 싼타페 하이브리드(TM HEV), G80 전기차(RG3 EV) 일부 차량에서 충돌 사고시 앞좌석 안전띠 조절장치 내부부품(프리텐셔너 가스발생기)의 작동반발력이 증가하여 장치내 일부부품(가스발생기)이 튀어나와 뒷좌석 탑승자에게 상해를 입힐 가능성이 있는 결함",탑승자보호,https://www.data.go.kr/data/15125831/fileData.do,https://www.car.go.kr/home/main.do,2026-08-24
REC-8BB2BC7A5B1FE68E,현대자동차,싼타페 하이브리드(TM HEV),HYU_SANTAFE,2020-07-29,2022-09-29,2022-12-13,113,"싼타페(TM PE), 싼타페 하이브리드(TM HEV), G80 전기차(RG3 EV) 일부 차량에서 충돌 사고시 앞좌석 안전띠 조절장치 내부부품(프리텐셔너 가스발생기)의 작동반발력이 증가하여 장치내 일부부품(가스발생기)이 튀어나와 뒷좌석 탑승자에게 상해를 입힐 가능성이 있는 결함",탑승자보호,https://www.data.go.kr/data/15125831/fileData.do,https://www.car.go.kr/home/main.do,2026-08-24
REC-3D9FE3ADD66D47A2,기아,스포티지(KM),KIA_SPORTAGE,2007-10-13,2009-05-21,2023-01-04,2686,"'16. 12. 9 리콜 시행 했으나, 일부 차량에서 HECU 점검 방법 미흡으로 미세한 불량을 검출하지 못하고 리콜 조치 이후에도 모듈 내부 회로 기판내 수분 및 이물 잔존되어 전기적 합선 가능성",제동장치,https://www.data.go.kr/data/15125831/fileData.do,https://www.car.go.kr/home/main.do,2026-08-24
REC-A5E0809D04AF8BD5,현대자동차,코나 Electric (OS EV),HYU_KONA,2020-06-25,2020-08-31,2023-01-18,871,"현대자동차㈜에서는 코나Electric(OS EV), 포터Ⅱ Electric(HR EV) 일부 차량에서 통합전력제어장치(EPCU) 내부 냉각수 라인의 기밀 불량으로 냉각수가 누수 되어 통합전력제어장치(EPCU)가 정상적으로 작동하지 않아 전력 공급 차단되고 경고등 점등 및 주행 중 시동꺼짐 가능성이 있는 결함이 확인되어 제작결함시정을 하고자 함",전기·전자장치,https://www.data.go.kr/data/15125831/fileData.do,https://www.car.go.kr/home/main.do,2026-08-24
REC-1426FCAAC5F7D13D,현대자동차,포터2 Electric (HR EV),HYU_PORTER,2020-06-17,2020-09-09,2023-01-18,644,"현대자동차㈜에서는 코나Electric(OS EV), 포터Ⅱ Electric(HR EV) 일부 차량에서 통합전력제어장치(EPCU) 내부 냉각수 라인의 기밀 불량으로 냉각수가 누수 되어 통합전력제어장치(EPCU)가 정상적으로 작동하지 않아 전력 공급 차단되고 경고등 점등 및 주행 중 시동꺼짐 가능성이 있는 결함이 확인되어 제작결함시정을 하고자 함",전기·전자장치,https://www.data.go.kr/data/15125831/fileData.do,https://www.car.go.kr/home/main.do,2026-08-24
REC-115B2F98F680F6F7,기아,모닝(JA),KIA_MORNING,2022-11-25,2022-12-08,2023-01-26,600,운전석 정면 에어백 커버의 사출공정 불량으로 인해 운전석 정면 에어백 저온조건(-35℃) 전개 시 에어백 커버가 이탈될 가능성,탑승자보호,https://www.data.go.kr/data/15125831/fileData.do,https://www.car.go.kr/home/main.do,2026-08-24
REC-D6758BF393314E8C,기아,레이(TAM),KIA_RAY,2022-12-01,2022-12-06,2023-01-26,138,운전석 정면 에어백 커버의 사출공정 불량으로 인해 운전석 정면 에어백 저온조건(-35℃) 전개 시 에어백 커버가 이탈될 가능성,탑승자보호,https://www.data.go.kr/data/15125831/fileData.do,https://www.car.go.kr/home/main.do,2026-08-24
REC-65456872D2A816E6,기아,니로 EV(DE EV),KIA_NIRO,2020-06-17,2020-07-27,2023-01-30,139,통합전력제어장치(EPCU) 내부 냉각수 라인의 기밀 불량으로 냉각수가 누수 되어 통합전력제어장치(EPCU)가 정상적으로 작동하지 않아 전력 공급 차단되고 경고등 점등 및 주행 중 시동꺼짐 가능성,전기·전자장치,https://www.data.go.kr/data/15125831/fileData.do,https://www.car.go.kr/home/main.do,2026-08-24
REC-3DBB59149C3BAFD7,기아,봉고 Ⅲ EV (PU EV),KIA_BONGO3,2020-06-16,2020-10-08,2023-01-30,463,통합전력제어장치(EPCU) 내부 냉각수 라인의 기밀 불량으로 냉각수가 누수 되어 통합전력제어장치(EPCU)가 정상적으로 작동하지 않아 전력 공급 차단되고 경고등 점등 및 주행 중 시동꺼짐 가능성,전기·전자장치,https://www.data.go.kr/data/15125831/fileData.do,https://www.car.go.kr/home/main.do,2026-08-24
REC-9612BE815CAB7E48,현대자동차,아이오닉5 (NE),HYU_IONIQ5,2021-01-28,2023-02-03,2023-02-23,51471,현대자동차㈜에서는 아이오닉5(NE) 일부 차량에서 차량 제어장치(VCU) 로직 설계 오류로 인해 경사로 주차 중 차량 탑승을 위해 차량문을 열 경우 주차유지(P단)가 해제되면서 차량 전/후방 밀림 사고가 발생할 가능성이 있는 결함이 확인되어 제작결함 시정을 하고자 함,엔진·동력장치,https://www.data.go.kr/data/15125831/fileData.do,https://www.car.go.kr/home/main.do,2026-08-24
REC-57D30D017547ADF2,현대자동차,코나(OS),HYU_KONA,2022-12-21,2023-01-06,2023-03-14,101,코나(OS) 일부 차량에 2열 좌석안전띠 버클 작업 불량으로 인해 신형 코나(SX2) 버클 부품으로 오장착되어 불완전한 체결로 차량 충돌시 승객을 정상적으로 보호하지 못할 가능성이 있는 결함,탑승자보호,https://www.data.go.kr/data/15125831/fileData.do,https://www.car.go.kr/home/main.do,2026-08-24
REC-12C1C6FC318C2216,현대자동차,코나(SX2),HYU_KONA,2022-12-29,2023-02-23,2023-03-16,2222,코나(SX2) 일부 차량에 2열 좌석안전띠 버클 부품 생산과정에서 제조산포로 조립 유격 발생으로 인해 버클 체결 시 체결음('딸깍'음)이 미발생되어 불완전한 체결로 차량 충돌시 승객을 정상적으로 보호하지 못할 가능성이 있는 결함,탑승자보호,https://www.data.go.kr/data/15125831/fileData.do,https://www.car.go.kr/home/main.do,2026-08-24
REC-E336EF4421E96358,현대자동차,아반떼N (CN7 KN),HYU_AVANTE,2022-12-19,2023-02-11,2023-03-23,181,"현대자동차(주)에서는 아반떼N (CN7 KN)일부 차량에서 전동식조향장치(MDPS) 제어기 소프트웨어 오설정으로 인해 차로이탈방지보조(LKA), 차로유지보조(LFA) 기능이 미작동하여 운전자가 해당 기능을 켰음에도 불구하고 작동하지 않아 차로 중앙을 유지하지 못하고 차로를 이탈하여 사고가 발생할 가능성이 있으며, '자동차 및 자동차부품의 성능과 기준에 관한 규칙 제89조 2항 (조향장치)' 안전기준에 적합하지 않은 결함",조향장치,https://www.data.go.kr/data/15125831/fileData.do,https://www.car.go.kr/home/main.do,2026-08-24
REC-AF99F6C8C5B297CE,현대자동차,코나(SX2),HYU_KONA,2022-12-30,2023-03-02,2023-03-30,4191,바디제어장치(BDC)와 주차(초음파) 센서간 간헐적 통신 불량으로 인해 주차 거리 경고(PDW) 기능이 간헐적으로 미작동하여 운전자가 후진 시 차량 후방에 있는 물체와 부딪혀 사고가 발생할 가능성이 있는 결함 사항이 확인,전기·전자장치,https://www.data.go.kr/data/15125831/fileData.do,https://www.car.go.kr/home/main.do,2026-08-24
REC-D7CCA8A5C186D394,현대자동차,포터2 (HR),HYU_PORTER,2023-03-07,2023-03-08,2023-04-10,7,현대자동차㈜에서는 포터2(HR) 일부 차량에서 변속 케이블 브라켓 체결 작업 불량으로 브라켓이 제대로 고정되지 않아 이탈됨으로써 변속레버 작동시 제대로 변속이 되지 않아 의도치 않게 차량이 이동하여 사고가 발생할 가능성이 있는 결함 사항이 확인되어 제작결함시정을 하고자 함,엔진·동력장치,https://www.data.go.kr/data/15125831/fileData.do,https://www.car.go.kr/home/main.do,2026-08-24
REC-02BDC476AEC11AD5,현대자동차,아이오닉5(NE),HYU_IONIQ5,2023-03-08,2023-03-12,2023-04-27,18,아이오닉5(NE) 일부 차량에서 2열 왼쪽(LH) 좌석 리클라이너 부품의 용접 불량으로 충돌 사고시 좌석 등받이가 접히거나 펴짐으로 인해 탑승자를 충분히 보호해주지 못할 가능성이 있는 결함,탑승자보호,https://www.data.go.kr/data/15125831/fileData.do,https://www.car.go.kr/home/main.do,2026-08-24
REC-2518247BB2889DA0,현대자동차,그랜저 하이브리드 (GN7 HEV),HYU_GRANDEUR,2022-10-21,2023-03-28,2023-05-02,14316,현대자동차㈜에서는 그랜저 하이브리드(GN7 HEV) 일부 차량에서 통합형 전자식 브레이크(IEB) 제어기 소프트웨어 오설정(보조제동력 반영 미흡)으로 인해 스마트크루즈컨트롤(SCC) 모드로 주행 중 오르막 약경사로(경사로 5%미만)에서 선행차량 정차 시 차량이 정차할 경우 후방 밀림이 발생되어 후방에 있는 차량과 부딪혀 사고가 발생할 가능성이 있는 결함,제동장치,https://www.data.go.kr/data/15125831/fileData.do,https://www.car.go.kr/home/main.do,2026-08-24
REC-4EF3C93C88365568,기아,카니발 (KA4),KIA_CARNIVAL,2020-07-22,2023-04-27,2023-05-17,185804,파워 슬라이딩 도어가 닫히기 직전 신체 일부를 도어 사이에 넣는 등의 특정상황에서 신체 일부가 도어 사이에 끼여 상해를 입을 가능성,차체·구조,https://www.data.go.kr/data/15125831/fileData.do,https://www.car.go.kr/home/main.do,2026-08-24
REC-85249C18C9DC68D2,기아,카니발 (KA4),KIA_CARNIVAL,2020-07-23,2023-04-21,2023-05-17,5037,파워 슬라이딩 도어가 닫히기 직전 신체 일부를 도어 사이에 넣는 등의 특정상황에서 신체 일부가 도어 사이에 끼여 상해를 입을 가능성,차체·구조,https://www.data.go.kr/data/15125831/fileData.do,https://www.car.go.kr/home/main.do,2026-08-24
REC-6CCE00A04CE13DD2,기아,카니발 (KA4),KIA_CARNIVAL,2020-07-22,2023-04-14,2023-06-05,1678,파워 슬라이딩 도어가 닫히기 직전 신체 일부를 도어 사이에 넣는 등의 특정상황에서 신체 일부가 도어 사이에 끼여 상해를 입을 가능성,차체·구조,https://www.data.go.kr/data/15125831/fileData.do,https://www.car.go.kr/home/main.do,2026-08-24
REC-A5B4B8DAC6B31CC2,기아,카니발 (KA4),KIA_CARNIVAL,2020-09-26,2023-04-11,2023-06-05,38,파워 슬라이딩 도어가 닫히기 직전 신체 일부를 도어 사이에 넣는 등의 특정상황에서 신체 일부가 도어 사이에 끼여 상해를 입을 가능성,차체·구조,https://www.data.go.kr/data/15125831/fileData.do,https://www.car.go.kr/home/main.do,2026-08-24
REC-25E724D69745DB9F,기아,레이 (TAM PE2),KIA_RAY,2022-08-31,2023-02-13,2023-06-13,19430,"레이(TAM PE2), 셀토스(SP2 PE), 스포티지(NQ5), 스포티지 하이브리드(NQ5 HEV), 니로(SG2 HEV), K8(GL3) 일부 차량에서 계기판 부팅 소프트웨어 설정 오류로 인해 초기 시동 시 간헐적으로 계기판 이미지가 미표출될 수 있고 그 상태로 주행할 경우 안전운행에 지장을 줄 가능성이 있는 결함 확인",전기·전자장치,https://www.data.go.kr/data/15125831/fileData.do,https://www.car.go.kr/home/main.do,2026-08-24
REC-7281993433D5482F,기아,셀토스 (SP2 PE),KIA_SELTOS,2022-07-19,2023-02-14,2023-06-13,12400,"레이(TAM PE2), 셀토스(SP2 PE), 스포티지(NQ5), 스포티지 하이브리드(NQ5 HEV), 니로(SG2 HEV), K8(GL3) 일부 차량에서 계기판 부팅 소프트웨어 설정 오류로 인해 초기 시동 시 간헐적으로 계기판 이미지가 미표출될 수 있고 그 상태로 주행할 경우 안전운행에 지장을 줄 가능성이 있는 결함 확인",전기·전자장치,https://www.data.go.kr/data/15125831/fileData.do,https://www.car.go.kr/home/main.do,2026-08-24
REC-6DF48500681AEA05,기아,스포티지 (NQ5),KIA_SPORTAGE,2022-08-08,2023-02-14,2023-06-13,8220,"레이(TAM PE2), 셀토스(SP2 PE), 스포티지(NQ5), 스포티지 하이브리드(NQ5 HEV), 니로(SG2 HEV), K8(GL3) 일부 차량에서 계기판 부팅 소프트웨어 설정 오류로 인해 초기 시동 시 간헐적으로 계기판 이미지가 미표출될 수 있고 그 상태로 주행할 경우 안전운행에 지장을 줄 가능성이 있는 결함 확인",전기·전자장치,https://www.data.go.kr/data/15125831/fileData.do,https://www.car.go.kr/home/main.do,2026-08-24
REC-BA306FE85E624035,기아,스포티지 하이브리드 (NQ5 HEV),KIA_SPORTAGE,2022-08-08,2023-02-10,2023-06-13,4352,"레이(TAM PE2), 셀토스(SP2 PE), 스포티지(NQ5), 스포티지 하이브리드(NQ5 HEV), 니로(SG2 HEV), K8(GL3) 일부 차량에서 계기판 부팅 소프트웨어 설정 오류로 인해 초기 시동 시 간헐적으로 계기판 이미지가 미표출될 수 있고 그 상태로 주행할 경우 안전운행에 지장을 줄 가능성이 있는 결함 확인",전기·전자장치,https://www.data.go.kr/data/15125831/fileData.do,https://www.car.go.kr/home/main.do,2026-08-24
REC-EC4D8E532AFD5513,기아,니로 (SG2 HEV),KIA_NIRO,2022-09-15,2023-03-03,2023-06-13,3027,"레이(TAM PE2), 셀토스(SP2 PE), 스포티지(NQ5), 스포티지 하이브리드(NQ5 HEV), 니로(SG2 HEV), K8(GL3) 일부 차량에서 계기판 부팅 소프트웨어 설정 오류로 인해 초기 시동 시 간헐적으로 계기판 이미지가 미표출될 수 있고 그 상태로 주행할 경우 안전운행에 지장을 줄 가능성이 있는 결함 확인",전기·전자장치,https://www.data.go.kr/data/15125831/fileData.do,https://www.car.go.kr/home/main.do,2026-08-24
REC-9DCD2BCB91571C51,기아,K8 (GL3),KIA_K8,2022-08-09,2023-03-02,2023-06-13,596,"레이(TAM PE2), 셀토스(SP2 PE), 스포티지(NQ5), 스포티지 하이브리드(NQ5 HEV), 니로(SG2 HEV), K8(GL3) 일부 차량에서 계기판 부팅 소프트웨어 설정 오류로 인해 초기 시동 시 간헐적으로 계기판 이미지가 미표출될 수 있고 그 상태로 주행할 경우 안전운행에 지장을 줄 가능성이 있는 결함 확인",전기·전자장치,https://www.data.go.kr/data/15125831/fileData.do,https://www.car.go.kr/home/main.do,2026-08-24
REC-ED98D89FABD040EA,기아,봉고Ⅲ EV(PU EV),KIA_BONGO3,2020-01-15,2023-02-15,2023-06-27,36171,"전기식 보조 히터(PTC) 전기 배선과 크래시패드 지지 브라켓 간 공간 부족으로 인해 전기식 보조 히터(PTC) 전기 배선이 손상되어 단락이 발생하고, 과전류에 의해 퓨즈가 끊어져 구동 모터의 전원 공급이 차단되어 주행 중 차량이 멈출 가능성",전기·전자장치,https://www.data.go.kr/data/15125831/fileData.do,https://www.car.go.kr/home/main.do,2026-08-24
REC-D60A5CC9A16A0DDE,현대자동차,팰리세이드 (LX2 PE),HYU_PALISADE,2023-04-28,2023-05-16,2023-07-06,1025,"팰리세이드(LX2 PE) 일부 차량에서 브레이크 부스터 제조 공정 중 브레이크 부스터 하우징의 성형 불량으로 인해 하우징 내부 고무패킹이 쉽게 이탈되어 브레이크 부스터내 진공 상태가 유지되지 않아 브레이크가 딱딱해지고, 제동거리 증가로 충돌사고가 발생할 가능성이 있는 결함",제동장치,https://www.data.go.kr/data/15125831/fileData.do,https://www.car.go.kr/home/main.do,2026-08-24
REC-955AC1B2BDDFAAFF,기아,쏘렌토 하이브리드(MQ4 HEV),KIA_SORENTO,2020-02-21,2022-07-04,2023-08-16,81608,충돌 사고시 앞좌석 안전띠 조절장치 내부 부품(프리텐셔너 가스발생기)의 작동반발력이 증가하여 장치내 일부 부품(가스발생기)이 튀어나와 뒷좌석 탑승자에게 상해를 입힐 가능성,탑승자보호,https://www.data.go.kr/data/15125831/fileData.do,https://www.car.go.kr/home/main.do,2026-08-24
REC-0FA8B13DF1671047,기아,쏘렌토(MQ4),KIA_SORENTO,2022-04-01,2022-08-31,2023-08-16,7971,멀티펑션스위치 방향지시등 레버 제조불량으로 인해 회로기판 내 방향지시등 작동부 접점 불량 발생으로 방향지시등 작동 시 간헐적으로 미점등 되어 안전에 지장을 줄 가능성,등화장치,https://www.data.go.kr/data/15125831/fileData.do,https://www.car.go.kr/home/main.do,2026-08-24
REC-DD3D597F9195775A,기아,쏘렌토 하이브리드(MQ4 HEV),KIA_SORENTO,2022-04-01,2022-08-31,2023-08-16,20887,멀티펑션스위치 방향지시등 레버 제조불량으로 인해 회로기판 내 방향지시등 작동부 접점 불량 발생으로 방향지시등 작동 시 간헐적으로 미점등 되어 안전에 지장을 줄 가능성,등화장치,https://www.data.go.kr/data/15125831/fileData.do,https://www.car.go.kr/home/main.do,2026-08-24
REC-912EFEE009806134,기아,셀토스(SP2),KIA_SELTOS,2023-06-20,2023-07-19,2023-08-30,2782,파워 테일게이트 지지장치 제조불량(용접불량)으로 파워 테일게이트가 열린 상태에서 지지장치가 이탈될 경우 예상하지 못한 테일게이트 닫힘으로 상해 발생 가능성,차체·구조,https://www.data.go.kr/data/15125831/fileData.do,https://www.car.go.kr/home/main.do,2026-08-24
REC-EAB4136B9526C949,현대자동차,투싼(TL),HYU_TUCSON,2015-03-06,2018-04-03,2023-08-31,159212,"일부 차량에서 스마트 정션박스의 소프트웨어 오류로 인해 좌측 방향지시등 작동 시 일시적으로 우측 방향지시등이 점멸되어 후행 차량에 혼란을 야기하여 추돌로 인한 사고 발생 가능성이 있는 결함 ※ 스마트정션박스 : 차량의 전원 분배 기능, 조명 제어 및 각종 전자 제어 기능을 탑재한 부품",등화장치,https://www.data.go.kr/data/15125831/fileData.do,https://www.car.go.kr/home/main.do,2026-08-24
REC-9CB5DC7F85DD87EB,현대자동차,팰리세이드(LX2),HYU_PALISADE,2022-10-18,2023-07-08,2023-09-08,18103,"팰리세이드(LX2), 쏘나타(DN8), 코나(OS PE), 코나(SX2) 일부 차량에서 자동변속기의 ISG(Idle Stop & Go)용 전동식오일펌프(EOP) 제어기 제조 공정 불량으로 인해 내부 소자 미세 크랙으로 인한 전기 단락으로 화재 발생 가능성이 있는 결함",엔진·동력장치,https://www.data.go.kr/data/15125831/fileData.do,https://www.car.go.kr/home/main.do,2026-08-24
REC-3A71394A09DEECA4,현대자동차,쏘나타(DN8),HYU_SONATA,2022-10-19,2023-04-20,2023-09-08,1522,"팰리세이드(LX2), 쏘나타(DN8), 코나(OS PE), 코나(SX2) 일부 차량에서 자동변속기의 ISG(Idle Stop & Go)용 전동식오일펌프(EOP) 제어기 제조 공정 불량으로 인해 내부 소자 미세 크랙으로 인한 전기 단락으로 화재 발생 가능성이 있는 결함",엔진·동력장치,https://www.data.go.kr/data/15125831/fileData.do,https://www.car.go.kr/home/main.do,2026-08-24
REC-EE5C6C435914E93D,현대자동차,코나(OS PE),HYU_KONA,2022-11-10,2022-12-09,2023-09-08,92,"팰리세이드(LX2), 쏘나타(DN8), 코나(OS PE), 코나(SX2) 일부 차량에서 자동변속기의 ISG(Idle Stop & Go)용 전동식오일펌프(EOP) 제어기 제조 공정 불량으로 인해 내부 소자 미세 크랙으로 인한 전기 단락으로 화재 발생 가능성이 있는 결함",엔진·동력장치,https://www.data.go.kr/data/15125831/fileData.do,https://www.car.go.kr/home/main.do,2026-08-24
REC-0C9C343EBA5C3C34,현대자동차,코나(SX2),HYU_KONA,2022-10-04,2023-07-27,2023-09-08,738,"팰리세이드(LX2), 쏘나타(DN8), 코나(OS PE), 코나(SX2) 일부 차량에서 자동변속기의 ISG(Idle Stop & Go)용 전동식오일펌프(EOP) 제어기 제조 공정 불량으로 인해 내부 소자 미세 크랙으로 인한 전기 단락으로 화재 발생 가능성이 있는 결함",엔진·동력장치,https://www.data.go.kr/data/15125831/fileData.do,https://www.car.go.kr/home/main.do,2026-08-24
REC-5AA999F84C6C3505,기아,K5(DL3),KIA_K5,2022-10-28,2023-06-16,2023-09-08,4881,K5(DL3) 일부 차량에서 자동변속기의 ISG(Idle Stop and Go)용 전동식오일펌프(EOP) 제조 불량으로 인해 내부 단락이 되어 화재 발생 가능성,엔진·동력장치,https://www.data.go.kr/data/15125831/fileData.do,https://www.car.go.kr/home/main.do,2026-08-24
REC-5497C2925190269C,현대자동차,아반떼 하이브리드 (CN7 HEV),HYU_AVANTE,2020-08-11,2023-03-28,2023-09-11,19755,현대자동차㈜에서는 아반떼 하이브리드(CN7 HEV) 일부 차량에서 하이브리드 통합 제어기(HPCU)의 구동모터 제어 소프트웨어 오류로 인해 저속 EV모드 주행중 간헐적으로 약한(10~20kph 가량) 가속현상(정상제동 가능)으로 사고발생 가능성이 있는 결함이 확인되어 제작결함시정을 하고자 함,엔진·동력장치,https://www.data.go.kr/data/15125831/fileData.do,https://www.car.go.kr/home/main.do,2026-08-24
REC-8D03BAF227F2AA10,기아,K5(DL3),KIA_K5,2023-03-08,2023-05-02,2023-09-13,5,K5(DL3) 일부 차량에서 자동변속기의 ISG(Idle Stop and Go)용 전동식오일펌프(EOP) 제조 불량으로 인해 내부 단락이 되어 화재 발생 가능성,엔진·동력장치,https://www.data.go.kr/data/15125831/fileData.do,https://www.car.go.kr/home/main.do,2026-08-24
REC-914C1BAF6D276E34,현대자동차,팰리세이드(LX2),HYU_PALISADE,2023-06-22,2023-08-08,2023-09-21,835,일부 차량에서 스웨이드 사양 좌석이 적용된 조수석 승객감지센서의 설정 소프트웨어 오류로 탑승여부를 정확하게 감지하지 못하여 충돌 사고시 에어백이 전개되지 않아 승객을 정상적으로 보호하지 못할 가능성이 있는 결함,탑승자보호,https://www.data.go.kr/data/15125831/fileData.do,https://www.car.go.kr/home/main.do,2026-08-24
REC-19B44DC86E3FF0E0,현대자동차,싼타페 하이브리드(MX5 HEV),HYU_SANTAFE,2023-11-01,2023-11-18,2023-12-08,396,"일부 차량에서 전방카메라 소프트웨어 설정 오류로 인해 첨단 운전자 보조 시스템(ADAS) 중 전방충돌방지보조(FCA) 기능이 작동되지 않는 상황에서 고장 경고등이 점등되지 않아 ‘자동차 및 자동차 부품의 성능과 기준에 관한 규칙 제 90조 3(비상자동제동장치) 제 2호, 별표 7의 9’ 안전기준에 적합하지 않는 사항이 확인 * 첨단 운전자 보조 시스템(ADAS: Advanced Driver Assistance System) : 차량 외부 환경 및 운전자 상태를 분석하여 주행 및 주차에 대한 시야확보/화면표시/가이드/경고/제어를 해주는 시스템 * 자동차 및 자동차 부품의 성능과 기준에 관한 규칙 제 90조 3(비상자동제동장치) 제 2호, 별표7의9 : 비상제동장치의 제어신호 또는 센서 등의 전기적 고장이 발생한 경우에는 최소한 자동차의 속도가 10km/h 초과한 후부터 10초 이내에는 카목에 따른 기준에 적합한 “기능고장 자동표시기“ 가 점등될것. 또한 고장상태가 지속되는 동안에 원동기를 정지시키고 다시 원동기를 구동시키는 경우에는 카목에 따른 기준에 적합한 “기능고장 자동표시기＂가 즉시 점등될 것.",전기·전자장치,https://www.data.go.kr/data/15125831/fileData.do,https://www.car.go.kr/home/main.do,2026-08-24
REC-F96DBDB4011A0DFF,기아,카니발(KA4),KIA_CARNIVAL,2023-10-16,2023-11-17,2023-12-20,805,크랭크축 위치 센서로 연결되는 전기배선 커넥터 제조 불량으로 인해 커넥터 접촉불량 발생하여 엔진 경고등이 점등되고 주행 중 시동꺼짐 발생 가능성,전기·전자장치,https://www.data.go.kr/data/15125831/fileData.do,https://www.car.go.kr/home/main.do,2026-08-24
REC-0DCAFAFE7FE9FD15,기아,카니발(KA4),KIA_CARNIVAL,2023-10-19,2023-11-17,2023-12-20,70,크랭크축 위치 센서로 연결되는 전기배선 커넥터 제조 불량으로 인해 커넥터 접촉불량 발생하여 엔진 경고등이 점등되고 주행 중 시동꺼짐 발생 가능성,전기·전자장치,https://www.data.go.kr/data/15125831/fileData.do,https://www.car.go.kr/home/main.do,2026-08-24
REC-6D3692BAFAF731D1,기아,셀토스(SP2),KIA_SELTOS,2023-04-03,2023-06-12,2024-01-10,923,커튼에어백 인플레이터 제조 불량으로 인해 인플레이터 내부 가스 누기가 발생하여 미전개 조건에서 커튼에어백이 비정상 전개되어 안전에 지장을 줄 가능성,탑승자보호,https://www.data.go.kr/data/15125831/fileData.do,https://www.car.go.kr/home/main.do,2026-08-24
REC-9E44269FE0A79A3A,기아,카니발(KA4),KIA_CARNIVAL,2023-11-01,2023-11-01,2024-01-16,1,크랭크축 위치 센서로 연결되는 전기배선 커넥터 제조 불량으로 인해 커넥터 접촉불량 발생하여 엔진 경고등이 점등되고 주행 중 시동꺼짐 발생 가능성,전기·전자장치,https://www.data.go.kr/data/15125831/fileData.do,https://www.car.go.kr/home/main.do,2026-08-24
REC-667A9A2C2759DF6E,기아,셀토스(SP2),KIA_SELTOS,2023-04-03,2023-05-15,2024-01-17,299,커튼에어백 인플레이터 제조 불량으로 인해 인플레이터 내부 가스 누기가 발생하여 미전개 조건에서 커튼에어백이 비정상 전개되어 안전에 지장을 줄 가능성,탑승자보호,https://www.data.go.kr/data/15125831/fileData.do,https://www.car.go.kr/home/main.do,2026-08-24
REC-8ACB37727F2D1AF9,현대자동차,코나(SX2),HYU_KONA,2022-12-23,2023-12-22,2024-02-15,18664,코나(SX2) 가솔린 1.6T 엔진 사양 일부 수출 차량에서 차량 전면 충돌 시 와이어링 보호재 설계 미흡으로 엔진룸 정션박스 배터리 와이어링이 차체 브라켓에 의해 손상되어 단락으로 인한 화재가 발생할 가능성이 있는 결함,전기·전자장치,https://www.data.go.kr/data/15125831/fileData.do,https://www.car.go.kr/home/main.do,2026-08-24
REC-A037C8C9CDA1E599,기아,니로 EV (SG2 EV),KIA_NIRO,2023-07-04,2023-07-10,2024-02-21,92,니로 EV (SG2 EV) 일부 차량에서 프론트 드라이브 샤프트 열처리 제조 불량으로 인해 내구성 부족으로 주행중 드라이브 샤프트가 손상되어 구동력 저하로 차량이 멈춰 안전에 지장을 줄 가능성,엔진·동력장치,https://www.data.go.kr/data/15125831/fileData.do,https://www.car.go.kr/home/main.do,2026-08-24
REC-D7E25E346BC47578,기아,EV6 (CV),KIA_EV6,2023-02-01,2023-04-10,2024-02-21,366,EV6 (CV) 일부 차량에서 리어 이너샤프트 열처리 제조 불량으로 인해 이너샤프트의 일부 구간 열처리가 누락되어 내구성 부족으로 주행 중 이너샤프트 손상시 구동력 저하로 차량이 멈춰 안전에 지장을 줄 가능성,엔진·동력장치,https://www.data.go.kr/data/15125831/fileData.do,https://www.car.go.kr/home/main.do,2026-08-24
REC-03DA788F89E08211,현대자동차,아이오닉5(NE),HYU_IONIQ5,2023-01-31,2023-02-09,2024-02-28,160,리어 이너샤프트 열처리 제조 불량으로 인해 이너샤프트의 일부 구간 열처리 누락되어 내구성 부족으로 주행 중 이너샤프트 손상시 구동력 저하로 차량이 멈춰 안전에 지장을 줄 가능성이 있는 결함,엔진·동력장치,https://www.data.go.kr/data/15125831/fileData.do,https://www.car.go.kr/home/main.do,2026-08-24
REC-9C8AD72542D0A014,현대자동차,아이오닉6(CE),HYU_IONIQ6,2023-01-31,2023-02-15,2024-02-28,436,리어 이너샤프트 열처리 제조 불량으로 인해 이너샤프트의 일부 구간 열처리 누락되어 내구성 부족으로 주행 중 이너샤프트 손상시 구동력 저하로 차량이 멈춰 안전에 지장을 줄 가능성이 있는 결함,엔진·동력장치,https://www.data.go.kr/data/15125831/fileData.do,https://www.car.go.kr/home/main.do,2026-08-24
REC-1682FD4B942A6B3A,현대자동차,포터2(HR),HYU_PORTER,2023-11-29,2024-02-02,2024-03-07,13457,포터2(HR) LPG 엔진 일부 차량에서 장력조절장치(텐셔너) 고정볼트 사양 설계 불량으로 인해 고정볼트가 풀려 구동벨트가 이탈되는 경우 파워스티어링 펌프 작동불량에 의해 핸들 조향이 정상적으로 되지 않아 안전에 지장을 줄 가능성이 있는 결함,조향장치,https://www.data.go.kr/data/15125831/fileData.do,https://www.car.go.kr/home/main.do,2026-08-24
REC-42AFCF5854AB4E43,기아,봉고Ⅲ (PU),KIA_BONGO3,2023-12-05,2024-02-03,2024-03-07,7653,봉고Ⅲ (PU) LPG 엔진 일부 차량에서 장력조절장치(텐셔너) 고정볼트 사양 설계 불량으로 인해 고정볼트가 풀려 구동벨트가 이탈되는 경우 파워스티어링 펌프 작동불량에 의해 핸들 조향이 정상적으로 되지 않아 안전에 지장을 줄 가능성,조향장치,https://www.data.go.kr/data/15125831/fileData.do,https://www.car.go.kr/home/main.do,2026-08-24
REC-C86EA20F8538059E,기아,EV6(CV),KIA_EV6,2021-07-06,2024-03-04,2024-03-18,55628,전압 변환 기능 고장으로 저전압배터리가 충전불가한 상황이 발생하여 주행 중 단계적 차량 속도 제한 및 지속 주행 시 차량이 멈출 가능성,전기·전자장치,https://www.data.go.kr/data/15125831/fileData.do,https://www.car.go.kr/home/main.do,2026-08-24
REC-9BDACF705489E128,현대자동차,아이오닉5 (NE),HYU_IONIQ5,2020-09-10,2024-02-29,2024-03-18,71517,"현대자동차㈜에서는 아이오닉5(NE), 아이오닉6(CE), 제네시스 GV60(JW), GV70(JK) EV, G80(RG3) EV 일부 차량에서 통합충전제어장치(ICCU) 소프트웨어 설계 미흡으로 인해 전압 변환기능 고장으로 저전압 배터리가 충전 불가한 상황이 발생하여 주행중 단계적 속도제한 및 지속 주행시 차량이 멈출 가능성이 있는 결함이 확인되어 제작결함시정을 하고자 함 ※ 통합충전제어장치(ICCU) : 고전압/저전압 배터리의 전원 공급을 관리하는 장치",전기·전자장치,https://www.data.go.kr/data/15125831/fileData.do,https://www.car.go.kr/home/main.do,2026-08-24
REC-2C27E6EE3B95BF0F,현대자동차,아이오닉6 (CE),HYU_IONIQ6,2022-01-28,2024-03-04,2024-03-18,21676,"현대자동차㈜에서는 아이오닉5(NE), 아이오닉6(CE), 제네시스 GV60(JW), GV70(JK) EV, G80(RG3) EV 일부 차량에서 통합충전제어장치(ICCU) 소프트웨어 설계 미흡으로 인해 전압 변환기능 고장으로 저전압 배터리가 충전 불가한 상황이 발생하여 주행중 단계적 속도제한 및 지속 주행시 차량이 멈출 가능성이 있는 결함이 확인되어 제작결함시정을 하고자 함 ※ 통합충전제어장치(ICCU) : 고전압/저전압 배터리의 전원 공급을 관리하는 장치",전기·전자장치,https://www.data.go.kr/data/15125831/fileData.do,https://www.car.go.kr/home/main.do,2026-08-24
REC-BC1F55E1D570807A,현대자동차,아반떼(AD),HYU_AVANTE,2018-08-30,2019-09-19,2024-03-19,61131,일부 차량에서 바이펑션 전조등(할로겐 타입) 내구성 부족으로 주행빔(상향등) 상태로 고정되어 야간 주행 시 맞은편 주행차량 운전자의 눈부심을 유발하여 안전운행에 지장을 줄 가능성,등화장치,https://www.data.go.kr/data/15125831/fileData.do,https://www.car.go.kr/home/main.do,2026-08-24
REC-9659B572CFB1E93E,기아,레이(TAM),KIA_RAY,2023-11-17,2024-01-25,2024-03-20,126,제조 공정 불량으로 인해 햇빛가리개가 다른 사양이 조립되어 자동차 에어백 경고문구 표기 안전기준을 만족하지 못하는 결함,탑승자보호,https://www.data.go.kr/data/15125831/fileData.do,https://www.car.go.kr/home/main.do,2026-08-24
REC-1AB4F99468C9A3D5,현대자동차,아이오닉5 (NE),HYU_IONIQ5,2021-03-26,2024-02-15,2024-04-08,542,"아이오닉5(NE), 아이오닉6(CE) 일부 차량에서 통합충전제어장치(ICCU) 소프트웨어 설계 미흡으로 인해 전압 변환기능 고장으로 저전압 배터리가 충전 불가한 상황이 발생하여 주행중 단계적 속도제한 및 지속 주행시 차량이 멈출 가능성이 있는 결함이 확인되어 제작결함시정을 하고자 함. (결함인지일 : ’24. 3. 25) ※ 통합충전제어장치(ICCU) : 고전압/저전압 배터리의 전원 공급을 관리하는 장치",전기·전자장치,https://www.data.go.kr/data/15125831/fileData.do,https://www.car.go.kr/home/main.do,2026-08-24
REC-747231FC314B2B60,현대자동차,아이오닉6 (CE),HYU_IONIQ6,2022-02-21,2024-02-19,2024-04-08,828,"아이오닉5(NE), 아이오닉6(CE) 일부 차량에서 통합충전제어장치(ICCU) 소프트웨어 설계 미흡으로 인해 전압 변환기능 고장으로 저전압 배터리가 충전 불가한 상황이 발생하여 주행중 단계적 속도제한 및 지속 주행시 차량이 멈출 가능성이 있는 결함이 확인되어 제작결함시정을 하고자 함. (결함인지일 : ’24. 3. 25) ※ 통합충전제어장치(ICCU) : 고전압/저전압 배터리의 전원 공급을 관리하는 장치",전기·전자장치,https://www.data.go.kr/data/15125831/fileData.do,https://www.car.go.kr/home/main.do,2026-08-24
REC-9B304DF09AB5CE7B,현대자동차,그랜저(GN7),HYU_GRANDEUR,2023-12-07,2023-12-18,2024-04-18,383,"그랜저(GN7), 그랜저 하이브리드(GN7 HEV) 일부 차량에서 계기판 소프트웨어 오류로 인해 통산 운행거리가 표시되지 않아 ‘자동차 및 자동차 부품의 성능과 기준에 관한 규칙 제54조 (속도계 및 주행거리계) 1항’ 안전기준에 적합하지 않는 사항이 확인 ※ 자동차 및 자동차 부픔의 성능과 기준에 관한 규칙 제54조(속도계 및 주행거리계) ① 자동차에는 제110조에 따른 속도계와 통산 운행거리를 표시할 수 있는 구조의 주행거리계를 설치하여야 한다.",전기·전자장치,https://www.data.go.kr/data/15125831/fileData.do,https://www.car.go.kr/home/main.do,2026-08-24
REC-88A5451A1203B361,현대자동차,그랜저하이브리드(GN7 HEV),HYU_GRANDEUR,2023-12-07,2023-12-18,2024-04-18,386,"그랜저(GN7), 그랜저 하이브리드(GN7 HEV) 일부 차량에서 계기판 소프트웨어 오류로 인해 통산 운행거리가 표시되지 않아 ‘자동차 및 자동차 부품의 성능과 기준에 관한 규칙 제54조 (속도계 및 주행거리계) 1항’ 안전기준에 적합하지 않는 사항이 확인 ※ 자동차 및 자동차 부픔의 성능과 기준에 관한 규칙 제54조(속도계 및 주행거리계) ① 자동차에는 제110조에 따른 속도계와 통산 운행거리를 표시할 수 있는 구조의 주행거리계를 설치하여야 한다.",전기·전자장치,https://www.data.go.kr/data/15125831/fileData.do,https://www.car.go.kr/home/main.do,2026-08-24
REC-0D097C6719649A83,현대자동차,싼타페(MX5),HYU_SANTAFE,2023-10-28,2024-01-11,2024-04-19,1247,일부 차량에서 2열 시트 용접 제조불량으로 시트가 완전 고정되지 않아 차량 충돌 발생 시 시트가 비정상 거동되어 안전에 지장을 줄 가능성이 있는 결함,탑승자보호,https://www.data.go.kr/data/15125831/fileData.do,https://www.car.go.kr/home/main.do,2026-08-24
REC-FA1D9A7EA07A1E9E,현대자동차,싼타페 하이브리드(MX5 HEV),HYU_SANTAFE,2023-10-28,2024-01-05,2024-04-19,5221,일부 차량에서 2열 시트 용접 제조불량으로 시트가 완전 고정되지 않아 차량 충돌 발생 시 시트가 비정상 거동되어 안전에 지장을 줄 가능성이 있는 결함,탑승자보호,https://www.data.go.kr/data/15125831/fileData.do,https://www.car.go.kr/home/main.do,2026-08-24
REC-16EDD54A434FAE5C,기아,니로EV(SG2 EV),KIA_NIRO,2023-05-12,2023-05-20,2024-04-25,3,모터 감속기 차동기어의 고정볼트 불완전 체결 제조 불량으로 인해 주행 중 고정볼트가 풀릴 경우 감속기 소음 발생 및 차량 주행 불가 가능성,엔진·동력장치,https://www.data.go.kr/data/15125831/fileData.do,https://www.car.go.kr/home/main.do,2026-08-24
REC-E918E98368DC964D,현대자동차,코나 EV (SX2 EV),HYU_KONA,2023-06-09,2023-06-09,2024-04-25,2,모터 감속기 내 차동기어의 고정볼트 불완전 체결 제조불량으로 인해 주행 중 고정볼트가 풀릴 경우 감속기 소음 발생 및 차량 주행 불가 가능성,엔진·동력장치,https://www.data.go.kr/data/15125831/fileData.do,https://www.car.go.kr/home/main.do,2026-08-24
REC-B82D9B53FB638F73,기아,니로 하이브리드 (DE HEV),KIA_NIRO,2019-03-08,2019-11-28,2024-05-02,7262,니로 하이브리드 (DE HEV) 및 니로 플러그인 하이브리드 (DE PHEV) 일부 차량에서 바이펑션 전조등(할로겐 타입) 내구성 부족으로 주행빔(상향등) 상태가 고정되어 야간 주행 시 맞은편 주행차량 운전자의 눈부심을 유발하여 안전운행에 지장을 줄 가능성,등화장치,https://www.data.go.kr/data/15125831/fileData.do,https://www.car.go.kr/home/main.do,2026-08-24
REC-09B01B0679F87E8E,기아,니로 플러그인하이브리드 (DE PHEV),KIA_NIRO,2019-03-25,2019-10-21,2024-05-02,25,니로 하이브리드 (DE HEV) 및 니로 플러그인 하이브리드 (DE PHEV) 일부 차량에서 바이펑션 전조등(할로겐 타입) 내구성 부족으로 주행빔(상향등) 상태가 고정되어 야간 주행 시 맞은편 주행차량 운전자의 눈부심을 유발하여 안전운행에 지장을 줄 가능성,등화장치,https://www.data.go.kr/data/15125831/fileData.do,https://www.car.go.kr/home/main.do,2026-08-24
REC-F41040ED2575D0A5,기아,니로 하이브리드 (DE HEV),KIA_NIRO,2016-03-21,2021-12-22,2024-05-07,110185,"니로 하이브리드(DE HEV), 니로 플러그인하이브리드(DE PHEV) 일부 차량의 제조 과정에서 유압식 엔진 클러치 액츄에이터(HCA)의 내부 이물 유입으로 인해 회로기판이 단락되어 화재 발생 가능성",엔진·동력장치,https://www.data.go.kr/data/15125831/fileData.do,https://www.car.go.kr/home/main.do,2026-08-24
REC-20EF14402A07544F,기아,니로 플러그인하이브리드 (DE PHEV),KIA_NIRO,2017-04-25,2020-06-29,2024-05-07,1122,"니로 하이브리드(DE HEV), 니로 플러그인하이브리드(DE PHEV) 일부 차량의 제조 과정에서 유압식 엔진 클러치 액츄에이터(HCA)의 내부 이물 유입으로 인해 회로기판이 단락되어 화재 발생 가능성",엔진·동력장치,https://www.data.go.kr/data/15125831/fileData.do,https://www.car.go.kr/home/main.do,2026-08-24
REC-CEDBCB57D423AE78,기아,K3 (BD PE),KIA_K3,2024-01-15,2024-03-30,2024-05-13,1048,배기가스 재순환장치 밸브 내부 쇼트(단락) 발생하여 주행 중 시동꺼짐 가능성,엔진·동력장치,https://www.data.go.kr/data/15125831/fileData.do,https://www.car.go.kr/home/main.do,2026-08-24
REC-05263EB44C3B1C13,기아,K5 (DL3 PE),KIA_K5,2024-01-20,2024-03-21,2024-05-13,696,배기가스 재순환장치 밸브 내부 쇼트(단락) 발생하여 주행 중 시동꺼짐 가능성,엔진·동력장치,https://www.data.go.kr/data/15125831/fileData.do,https://www.car.go.kr/home/main.do,2026-08-24
REC-F5F6AABE8E0F73D5,기아,모닝 (JA PE2),KIA_MORNING,2024-01-13,2024-02-13,2024-05-13,924,배기가스 재순환장치 밸브 내부 쇼트(단락) 발생하여 주행 중 시동꺼짐 가능성,엔진·동력장치,https://www.data.go.kr/data/15125831/fileData.do,https://www.car.go.kr/home/main.do,2026-08-24
REC-C32B7106482C7A30,현대자동차,아반떼(CN7),HYU_AVANTE,2024-01-15,2024-02-03,2024-05-13,2562,"아반떼(CN7), 캐스퍼(AX1), 베뉴(QX), 쏘나타(DN8), 코나(SX2) 가솔린 1.0/1.6/2.0L MPI엔진이 장착된 일부 차량에서 배기가스 재순환장치 밸브(EGR 밸브) 제조 불량",엔진·동력장치,https://www.data.go.kr/data/15125831/fileData.do,https://www.car.go.kr/home/main.do,2026-08-24
REC-072C7E28C74FB3C5,현대자동차,캐스퍼(AX1),HYU_CASPER,2024-01-15,2024-02-14,2024-05-13,1233,"아반떼(CN7), 캐스퍼(AX1), 베뉴(QX), 쏘나타(DN8), 코나(SX2) 가솔린 1.0/1.6/2.0L MPI엔진이 장착된 일부 차량에서 배기가스 재순환장치 밸브(EGR 밸브) 제조 불량",엔진·동력장치,https://www.data.go.kr/data/15125831/fileData.do,https://www.car.go.kr/home/main.do,2026-08-24
REC-DE181EDEC1B8789B,현대자동차,쏘나타(DN8),HYU_SONATA,2024-02-05,2024-02-13,2024-05-13,58,"아반떼(CN7), 캐스퍼(AX1), 베뉴(QX), 쏘나타(DN8), 코나(SX2) 가솔린 1.0/1.6/2.0L MPI엔진이 장착된 일부 차량에서 배기가스 재순환장치 밸브(EGR 밸브) 제조 불량",엔진·동력장치,https://www.data.go.kr/data/15125831/fileData.do,https://www.car.go.kr/home/main.do,2026-08-24
REC-56793337C1BDDB98,현대자동차,코나(SX2),HYU_KONA,2024-01-16,2024-02-05,2024-05-13,48,"아반떼(CN7), 캐스퍼(AX1), 베뉴(QX), 쏘나타(DN8), 코나(SX2) 가솔린 1.0/1.6/2.0L MPI엔진이 장착된 일부 차량에서 배기가스 재순환장치 밸브(EGR 밸브) 제조 불량",엔진·동력장치,https://www.data.go.kr/data/15125831/fileData.do,https://www.car.go.kr/home/main.do,2026-08-24
REC-3BAB1EC58A63673F,현대자동차,아이오닉5 (NE),HYU_IONIQ5,2021-03-30,2022-07-04,2024-05-17,7,비전루프 프론트 글라스에 오사양의 접착제를 사용하여 접착력 부족으로 인해 주행 중 글라스가 이탈되어 안전에 지장을 줄 가능성,차체·구조,https://www.data.go.kr/data/15125831/fileData.do,https://www.car.go.kr/home/main.do,2026-08-24
REC-2D4C412762C0184D,현대자동차,더 뉴 팰리세이드(LX2 PE),HYU_PALISADE,2023-08-23,2023-09-19,2024-05-24,200,더 뉴 팰리세이드(LX2 PE) 가솔린 3.8L GDI 엔진 장착 일부 차량에서 밸브 스프링 제조 과정에서의 금형 손상에 의한 밸브 스프링의 표면 결함 발생,엔진·동력장치,https://www.data.go.kr/data/15125831/fileData.do,https://www.car.go.kr/home/main.do,2026-08-24
REC-428AF02FC74AA409,현대자동차,싼타페 하이브리드(MX5 HEV),HYU_SANTAFE,2023-09-21,2024-02-26,2024-05-24,27516,현대자동차㈜에서는 싼타페 하이브리드(MX5 HEV) 일부 차량에서 배터리제어시스템(BMS) 소프트웨어 설계 미흡으로 인해 충돌 직후 일시적으로 고전압 전력을 차단하지 못해 고전압전력차단장치(PRA) 단락에 의한 전류 노출로 화재 가능성이 있는 결함이 확인되어 제작결함시정을 하고자 함.,전기·전자장치,https://www.data.go.kr/data/15125831/fileData.do,https://www.car.go.kr/home/main.do,2026-08-24
REC-5672620EB77E6023,기아,레이 전기차(TAM EV),KIA_RAY,2011-12-17,2017-12-06,2024-05-29,1446,전자제어유압장치(HECU) 내부 회로 기판의 전기적 합선에 의한 엔진룸 소손 발생 가능성,제동장치,https://www.data.go.kr/data/15125831/fileData.do,https://www.car.go.kr/home/main.do,2026-08-24
REC-B1E728C59114E599,현대자동차,그랜드스타렉스(TQ),HYU_GRAND_STAREX,2015-07-31,2020-12-30,2024-05-30,116745,일부 차량에서 냉각수호스 설계 오류로 디젤입자정화기(DPF) 발열에 의해 냉각수 호스가 손상되고 이로 인해 누출된 냉각수가 디젤입자정화기(DPF)에 닿는 경우 화재 발생 가능성이 있는 결함,엔진·동력장치,https://www.data.go.kr/data/15125831/fileData.do,https://www.car.go.kr/home/main.do,2026-08-24
REC-90D12771E1C9FFFC,현대자동차,투싼 수소연료전지(LMFC),HYU_TUCSON,2013-11-29,2014-06-11,2024-05-30,6,일부 차량에 전자제어유압장치(HECU) 내부 밀폐성능 저하 등으로 내부 회로 기판의 전기적 합선에 의한 엔진룸 소손이 발생할 가능성이 있는 결함,제동장치,https://www.data.go.kr/data/15125831/fileData.do,https://www.car.go.kr/home/main.do,2026-08-24
REC-1EBAE4BC6523BC26,기아,카니발 (YP),KIA_CARNIVAL,2019-01-03,2020-07-17,2024-06-03,64057,디젤 엔진이 장착된 일부 차량에서 오일 필터 제조 불량으로 인해 오일 온도 센서가 오일 필터에서 이탈되어 엔진오일이 누유되는 경우 시동꺼짐 발생 가능성,엔진·동력장치,https://www.data.go.kr/data/15125831/fileData.do,https://www.car.go.kr/home/main.do,2026-08-24
REC-1CD4DFCC838CC4AD,기아,카니발 (YP),KIA_CARNIVAL,2019-01-04,2020-07-08,2024-06-03,7214,디젤 엔진이 장착된 일부 차량에서 오일 필터 제조 불량으로 인해 오일 온도 센서가 오일 필터에서 이탈되어 엔진오일이 누유되는 경우 시동꺼짐 발생 가능성,엔진·동력장치,https://www.data.go.kr/data/15125831/fileData.do,https://www.car.go.kr/home/main.do,2026-08-24
REC-6A3CFC31FCA6B34C,기아,봉고Ⅲ(PU),KIA_BONGO3,2023-12-05,2024-04-03,2024-06-18,11784,"봉고Ⅲ(PU) LPG 엔진 일부 차량에서 봄베 제조 불량으로 인해 연료펌프 내부 수분 유입에 의한 전원부 쇼트 발생 시, 연료펌프 작동불량으로 연료 공급되지 않아 주행 중 시동 꺼짐 발생 가능성",연료장치,https://www.data.go.kr/data/15125831/fileData.do,https://www.car.go.kr/home/main.do,2026-08-24
REC-CEF3E3E6E9896CCD,현대자동차,포터2(HR),HYU_PORTER,2024-05-07,2024-05-09,2024-06-18,110,포터2(HR) LPG 엔진이 장착된 일부 차량에서 고압펌프의 저압 연료공급 파이프 체결부 제조불량으로 인한 기밀성 부족으로 LPG 가스가 누기되는 경우 차량 화재 발생 가능성,연료장치,https://www.data.go.kr/data/15125831/fileData.do,https://www.car.go.kr/home/main.do,2026-08-24
REC-882E53B8CD5BBEE3,기아,봉고Ⅲ (PU),KIA_BONGO3,2024-05-07,2024-05-13,2024-06-18,112,고압펌프의 저압 연료공급 파이프 체결부 제조불량으로 인한 기밀성 부족으로 LPG가스가 누기되는 경우 차량 화재 발생 가능성,연료장치,https://www.data.go.kr/data/15125831/fileData.do,https://www.car.go.kr/home/main.do,2026-08-24
REC-80380A8D77012A35,현대자동차,투싼(LM),HYU_TUCSON,2009-06-26,2013-06-30,2024-07-30,138468,일부 차량에 전자제어유압장치(HECU) 내부 밀폐성능 저하 등으로 내부 회로 기판의 전기적 합선에 의한 엔진룸 소손이 발생할 가능성이 있는 결함,제동장치,https://www.data.go.kr/data/15125831/fileData.do,https://www.car.go.kr/home/main.do,2026-08-24
REC-2A6E5F43F46E9347,현대자동차,싼타페 하이브리드(MX5 HEV),HYU_SANTAFE,2023-10-04,2024-03-20,2024-06-28,18397,"싼타페 하이브리드(MX5 HEV) 일부 차량에서 통합형 전자식 브레이크(IEB) 제어기 소프트웨어 설계 오류로 인해 원격 스마트 주차 보조(RSPA) 기능 작동 후 해제시 간헐적으로 즉시 정지되지 않아 안전에 지장을 줄 가능성 및 ‘자동차 및 자동차 부품의 성능과 기준에 관한 규칙 제89조 제2항, 별표 6의 2’ 안전기준에 적합하지 않은 사항이 확인되어 제작결함시정",제동장치,https://www.data.go.kr/data/15125831/fileData.do,https://www.car.go.kr/home/main.do,2026-08-24
REC-DA65119DB2865C9D,기아,스포티지(SL),KIA_SPORTAGE,2010-03-26,2013-06-27,2024-07-03,10583,전자제어유압장치(HECU) 내부 회로 기판의 전기적 합선에 의한 엔진룸 소손 발생 가능성,제동장치,https://www.data.go.kr/data/15125831/fileData.do,https://www.car.go.kr/home/main.do,2026-08-24
REC-4DBE50CB7A0C7CA4,기아,스포티지(SL),KIA_SPORTAGE,2010-03-16,2013-07-19,2024-07-03,146605,전자제어유압장치(HECU) 내부 회로 기판의 전기적 합선에 의한 엔진룸 소손 발생 가능성,제동장치,https://www.data.go.kr/data/15125831/fileData.do,https://www.car.go.kr/home/main.do,2026-08-24
REC-0A1421BA1A9A532D,기아,K5 (DL3 PE),KIA_K5,2024-04-03,2024-04-08,2024-07-11,19,배기가스 재순환장치 밸브 내부 쇼트(단락) 발생하여 주행 중 시동꺼짐 가능성,엔진·동력장치,https://www.data.go.kr/data/15125831/fileData.do,https://www.car.go.kr/home/main.do,2026-08-24
REC-12A25B48F4737AF0,기아,쏘렌토(XM),KIA_SORENTO,2010-07-05,2014-08-21,2024-07-15,139291,전자제어유압장치(HECU) 내부 회로 기판의 전기적 합선에 의한 엔진룸 소손 발생 가능성,제동장치,https://www.data.go.kr/data/15125831/fileData.do,https://www.car.go.kr/home/main.do,2026-08-24
REC-80344308C2DEC77A,기아,쏘렌토(XM),KIA_SORENTO,2010-07-07,2010-10-28,2024-07-15,47,전자제어유압장치(HECU) 내부 회로 기판의 전기적 합선에 의한 엔진룸 소손 발생 가능성,제동장치,https://www.data.go.kr/data/15125831/fileData.do,https://www.car.go.kr/home/main.do,2026-08-24
REC-F7176700C0E9C6C5,기아,쏘렌토(XM),KIA_SORENTO,2010-07-07,2010-12-30,2024-07-15,140,전자제어유압장치(HECU) 내부 회로 기판의 전기적 합선에 의한 엔진룸 소손 발생 가능성,제동장치,https://www.data.go.kr/data/15125831/fileData.do,https://www.car.go.kr/home/main.do,2026-08-24
REC-319449715870E555,기아,봉고Ⅲ(PU),KIA_BONGO3,2023-08-18,2023-09-06,2024-07-22,747,"봉고Ⅲ(PU) 일부 차량에서 리어 휠 구동축 락 너트 제조 불량으로 인해 나사산 물림량 부족하여 락 너트 체결 헐거움으로 주행 중 경고등 점등되며, 지속 주행 시 휠&타이어 이탈 가능성",차체·구조,https://www.data.go.kr/data/15125831/fileData.do,https://www.car.go.kr/home/main.do,2026-08-24
REC-460790F38BD9650E,기아,레이(TAM),KIA_RAY,2024-01-24,2024-01-29,2024-07-22,175,운전석 안전띠 고정 브라켓 용접부 제조 불량으로 인해 자동차 고정벽면정면충돌 안전기준을 만족하지 못하는 결함,탑승자보호,https://www.data.go.kr/data/15125831/fileData.do,https://www.car.go.kr/home/main.do,2026-08-24
REC-A365A738B0D90542,기아,K5(TF),KIA_K5,2010-05-04,2015-06-24,2024-07-22,168052,전자제어유압장치(HECU) 내부 회로 기판의 전기적 합선에 의한 엔진룸 소손 발생 가능성,제동장치,https://www.data.go.kr/data/15125831/fileData.do,https://www.car.go.kr/home/main.do,2026-08-24
REC-E22871C574E4552F,기아,K5(TF),KIA_K5,2011-08-16,2015-06-18,2024-07-22,18482,전자제어유압장치(HECU) 내부 회로 기판의 전기적 합선에 의한 엔진룸 소손 발생 가능성,제동장치,https://www.data.go.kr/data/15125831/fileData.do,https://www.car.go.kr/home/main.do,2026-08-24
REC-C5F5A0A0D8427409,기아,K5 하이브리드(TF HEV),KIA_K5,2011-05-03,2013-11-25,2024-07-22,23749,전자제어유압장치(HECU) 내부 회로 기판의 전기적 합선에 의한 엔진룸 소손 발생 가능성,제동장치,https://www.data.go.kr/data/15125831/fileData.do,https://www.car.go.kr/home/main.do,2026-08-24
REC-3000F2F69110091F,기아,니로EV(DE EV),KIA_NIRO,2021-07-22,2022-02-08,2024-07-24,1986,세이프티 플러그 제조 불량으로 인해 비정상적인 과열이 발생하여 세이프티 플러그의 소손 및 차량 주행 불가 발생 가능성,전기·전자장치,https://www.data.go.kr/data/15125831/fileData.do,https://www.car.go.kr/home/main.do,2026-08-24
REC-F3694D6E406A3404,현대자동차,팰리세이드(LX2),HYU_PALISADE,2024-06-21,2024-07-05,2024-08-12,48,팰리세이드(LX2) 일부 차량에서 엔진룸 배선 접지용(GND) 볼트가 불완전하게 잘못 조립되어 지속 운행 시 접촉 불량에 의한 시동 불량 및 시동 꺼짐 가능성이 있는 결함 사항이 확인,전기·전자장치,https://www.data.go.kr/data/15125831/fileData.do,https://www.car.go.kr/home/main.do,2026-08-24
REC-FB78B46DA53BD64D,현대자동차,싼타페(MX5),HYU_SANTAFE,2023-03-09,2024-07-09,2024-08-16,18329,"싼타페(MX5), 싼타페 하이브리드(MX5 HEV) 일부 차량에서 차체 하단 와이어링(배선) 경로 설계 불량으로 인해 2열 시트를 접을 시 와이어링(배선)과 시트 회전 장치가 간섭되어 2열 사이드 에어백 오전개 및 미전개 가능성이 있는 결함 사항이 확인",탑승자보호,https://www.data.go.kr/data/15125831/fileData.do,https://www.car.go.kr/home/main.do,2026-08-24
REC-367CF717E31A4B05,현대자동차,싼타페 하이브리드(MX5 HEV),HYU_SANTAFE,2023-03-20,2024-07-18,2024-08-16,25597,"싼타페(MX5), 싼타페 하이브리드(MX5 HEV) 일부 차량에서 차체 하단 와이어링(배선) 경로 설계 불량으로 인해 2열 시트를 접을 시 와이어링(배선)과 시트 회전 장치가 간섭되어 2열 사이드 에어백 오전개 및 미전개 가능성이 있는 결함 사항이 확인",탑승자보호,https://www.data.go.kr/data/15125831/fileData.do,https://www.car.go.kr/home/main.do,2026-08-24
REC-EDA678A1B3F0F7D0,기아,니로EV(DE EV),KIA_NIRO,2019-10-08,2022-02-08,2024-08-28,57,세이프티 플러그 제조 불량으로 인해 비정상적인 과열이 발생하여 세이프티 플러그의 소손 및 차량 주행 불가 발생 가능성,전기·전자장치,https://www.data.go.kr/data/15125831/fileData.do,https://www.car.go.kr/home/main.do,2026-08-24
REC-D336DFD52511F914,기아,스포티지(KM),KIA_SPORTAGE,2009-05-26,2010-01-28,2024-09-23,2463,전자제어유압장치(HECU) 내부 회로 기판의 전기적 합선에 의한 엔진룸 소손 발생 가능성,제동장치,https://www.data.go.kr/data/15125831/fileData.do,https://www.car.go.kr/home/main.do,2026-08-24
REC-19CBB8B18077B735,기아,스포티지(KM),KIA_SPORTAGE,2009-05-27,2010-02-01,2024-09-23,770,전자제어유압장치(HECU) 내부 회로 기판의 전기적 합선에 의한 엔진룸 소손 발생 가능성,제동장치,https://www.data.go.kr/data/15125831/fileData.do,https://www.car.go.kr/home/main.do,2026-08-24
REC-0703D6A65CA1B507,현대자동차,그랜드스타렉스(TQ),HYU_GRAND_STAREX,2010-08-24,2016-08-31,2024-09-26,201393,그랜드스타렉스(TQ) 일부 차량에서 엔진룸 정션박스 내 단자체결부의 설계 미흡으로 온도가 과도하게 상승되는 경우 와이어링 손상으로 인한 단락이 발생되어 화재가 발생할 가능성이 있는 결함,전기·전자장치,https://www.data.go.kr/data/15125831/fileData.do,https://www.car.go.kr/home/main.do,2026-08-24
REC-B4D1D8BB1CC7CA48,현대자동차,투싼(LM),HYU_TUCSON,2009-03-13,2009-12-31,2024-09-27,26008,일부 차량에 전자제어유압장치(HECU) 내부 밀폐성능 저하 등으로 내부 회로 기판의 전기적 합선에 의한 엔진룸 소손이 발생할 가능성이 있는 결함,제동장치,https://www.data.go.kr/data/15125831/fileData.do,https://www.car.go.kr/home/main.do,2026-08-24
REC-A0CA7CAAC342739F,현대자동차,그랜저(HG),HYU_GRANDEUR,2010-12-25,2011-01-13,2024-09-27,108,일부 차량에 전자제어유압장치(HECU) 내부 밀폐성능 저하 등으로 내부 회로 기판의 전기적 합선에 의한 엔진룸 소손이 발생할 가능성이 있는 결함,제동장치,https://www.data.go.kr/data/15125831/fileData.do,https://www.car.go.kr/home/main.do,2026-08-24
REC-666AF59C490A225B,현대자동차,그랜저(HG),HYU_GRANDEUR,2011-01-03,2014-10-31,2024-09-27,348543,일부 차량에 전자제어유압장치(HECU) 내부 밀폐성능 저하 등으로 내부 회로 기판의 전기적 합선에 의한 엔진룸 소손이 발생할 가능성이 있는 결함,제동장치,https://www.data.go.kr/data/15125831/fileData.do,https://www.car.go.kr/home/main.do,2026-08-24
REC-1C98B1184CBDCBAA,현대자동차,쏘나타 하이브리드(YFE),HYU_SONATA,2011-02-15,2014-10-31,2024-09-27,41897,일부 차량에 전자제어유압장치(HECU) 내부 밀폐성능 저하 등으로 내부 회로 기판의 전기적 합선에 의한 엔진룸 소손이 발생할 가능성이 있는 결함,제동장치,https://www.data.go.kr/data/15125831/fileData.do,https://www.car.go.kr/home/main.do,2026-08-24
REC-B260C8D5A1DB240F,현대자동차,싼타페(DM),HYU_SANTAFE,2011-12-08,2014-10-31,2024-09-27,203793,일부 차량에 전자제어유압장치(HECU) 내부 밀폐성능 저하 등으로 내부 회로 기판의 전기적 합선에 의한 엔진룸 소손이 발생할 가능성이 있는 결함,제동장치,https://www.data.go.kr/data/15125831/fileData.do,https://www.car.go.kr/home/main.do,2026-08-24
REC-A68A83D3CE0284EF,현대자동차,그랜드스타렉스(TQ),HYU_GRAND_STAREX,2006-10-18,2014-10-31,2024-10-25,61562,일부 차량에 전자제어유압장치(HECU) 내부 밀폐성능 저하 등으로 내부 회로 기판의 전기적 합선에 의한 엔진룸 소손이 발생할 가능성이 있는 결함,제동장치,https://www.data.go.kr/data/15125831/fileData.do,https://www.car.go.kr/home/main.do,2026-08-24
REC-62E0DFC39962250F,기아,K5(TF),KIA_K5,2010-05-04,2011-06-20,2024-10-11,98429,특정 조건의 정면 충돌 사고시 전기적 과부하로 인한 에어백제어장치(ACU)의 내부 소자 손상으로 인해 에어백이 전개되지 않을 가능성(추정)이 있는 결함,탑승자보호,https://www.data.go.kr/data/15125831/fileData.do,https://www.car.go.kr/home/main.do,2026-08-24
REC-707B145DAEE07DFC,기아,K5(TF HEV),KIA_K5,2011-05-03,2013-11-25,2024-10-11,23749,특정 조건의 정면 충돌 사고시 전기적 과부하로 인한 에어백제어장치(ACU)의 내부 소자 손상으로 인해 에어백이 전개되지 않을 가능성(추정)이 있는 결함,탑승자보호,https://www.data.go.kr/data/15125831/fileData.do,https://www.car.go.kr/home/main.do,2026-08-24
REC-C06032475C9538CB,현대자동차,쏘나타(YF),HYU_SONATA,2009-03-11,2012-01-06,2024-10-11,270847,"현대자동차㈜에서는 쏘나타(YF), 쏘나타 하이브리드(YF HEV) 일부 차량에서 특정 조건의 정면 충돌 사고시 전기적 과부하로 인한 에어백 제어장치(ACU)의 내부 소자 손상으로 인해 에어백이 전개되지 않을 가능성(추정)이 있는 결함이 확인되어 제작결함 시정을 하고자 함.",탑승자보호,https://www.data.go.kr/data/15125831/fileData.do,https://www.car.go.kr/home/main.do,2026-08-24
REC-224D7C420964BEDB,현대자동차,쏘나타 하이브리드 (YF HEV),HYU_SONATA,2011-02-15,2014-10-31,2024-10-11,41897,"현대자동차㈜에서는 쏘나타(YF), 쏘나타 하이브리드(YF HEV) 일부 차량에서 특정 조건의 정면 충돌 사고시 전기적 과부하로 인한 에어백 제어장치(ACU)의 내부 소자 손상으로 인해 에어백이 전개되지 않을 가능성(추정)이 있는 결함이 확인되어 제작결함 시정을 하고자 함.",탑승자보호,https://www.data.go.kr/data/15125831/fileData.do,https://www.car.go.kr/home/main.do,2026-08-24
REC-247B9197555F2B4B,현대자동차,아반떼N (CN7 N),HYU_AVANTE,2021-01-06,2023-12-19,2024-10-31,5292,"G70(IK), 아반떼N(CN7 N), 벨로스터N(JS N), 코나N(OS N) 세타2 2.0T-GDI 엔진장착 차량 일부 차량에서 고압펌프 내 압력 조절 부품 내구성 부족으로 인해 고압이 지속 형성되어 엔진경고등이 점등되고 간헐적으로 주행 중 시동꺼짐 발생 가능성이 있는 결함",연료장치,https://www.data.go.kr/data/15125831/fileData.do,https://www.car.go.kr/home/main.do,2026-08-24
REC-F58484A41DCF3FC6,현대자동차,코나N (OS N),HYU_KONA,2020-11-03,2022-11-24,2024-10-31,560,"G70(IK), 아반떼N(CN7 N), 벨로스터N(JS N), 코나N(OS N) 세타2 2.0T-GDI 엔진장착 차량 일부 차량에서 고압펌프 내 압력 조절 부품 내구성 부족으로 인해 고압이 지속 형성되어 엔진경고등이 점등되고 간헐적으로 주행 중 시동꺼짐 발생 가능성이 있는 결함",연료장치,https://www.data.go.kr/data/15125831/fileData.do,https://www.car.go.kr/home/main.do,2026-08-24
REC-96DA92C347E811FB,현대자동차,아이오닉5 (NE),HYU_IONIQ5,2020-10-09,2024-03-22,2024-12-05,72796,"현대자동차㈜에서는 아이오닉5(NE), 아이오닉6(CE), 제네시스 GV60(JW), GV70(JK) EV, G80(RG3) EV 일부 차량에서 통합충전제어장치(ICCU) 리콜 소프트웨어 로직 미흡으로 전압 변환기능 고장시 저전압 배터리가 충전 불가한 상황이 발생하여 주행중 단계적 속도제한 및 지속 주행시 차량이 멈출 가능성이 있는 결함이 확인되어 제작결함시정을 하고자 함.",전기·전자장치,https://www.data.go.kr/data/15125831/fileData.do,https://www.car.go.kr/home/main.do,2026-08-24
REC-7A89A0202D790912,현대자동차,아이오닉6 (CE),HYU_IONIQ6,2022-02-21,2024-10-28,2024-12-05,24966,"현대자동차㈜에서는 아이오닉5(NE), 아이오닉6(CE), 제네시스 GV60(JW), GV70(JK) EV, G80(RG3) EV 일부 차량에서 통합충전제어장치(ICCU) 리콜 소프트웨어 로직 미흡으로 전압 변환기능 고장시 저전압 배터리가 충전 불가한 상황이 발생하여 주행중 단계적 속도제한 및 지속 주행시 차량이 멈출 가능성이 있는 결함이 확인되어 제작결함시정을 하고자 함.",전기·전자장치,https://www.data.go.kr/data/15125831/fileData.do,https://www.car.go.kr/home/main.do,2026-08-24
REC-46E1E06A41E07E2E,현대자동차,포터2 EV(HR EV),HYU_PORTER,2019-07-19,2022-03-31,2024-12-05,29115,일부 차량에서 경사로 선회 시 프로펠러 샤프트와 고전압배터리(BSA) 케이스 간섭 발생되는 설계 오류로 인해 프로펠러 샤프트에 충격 피로 누적 시 파손으로 동력 전달 불가로 차량 멈춤 가능성이 있는 결함,엔진·동력장치,https://www.data.go.kr/data/15125831/fileData.do,https://www.car.go.kr/home/main.do,2026-08-24
REC-913D3F252C5EDBF5,기아,EV6(CV),KIA_EV6,2021-07-12,2024-03-07,2024-12-09,55956,통합충전제어장치(ICCU)의 리콜 소프트웨어 로직 미흡으로 전압 변환기능 고장시 저전압 배터리가 충전 불가한 상황이 발생하여 주행중 단계적 속도제한 및 지속 주행시 차량이 멈출 가능성,전기·전자장치,https://www.data.go.kr/data/15125831/fileData.do,https://www.car.go.kr/home/main.do,2026-08-24
REC-071E3219A06B45F0,기아,EV6(CV),KIA_EV6,2024-02-28,2024-05-18,2024-12-09,2652,통합충전제어장치(ICCU)의 소프트웨어 로직 미흡으로 전압 변환기능 고장시 저전압 배터리가 충전 불가한 상황이 발생하여 주행중 단계적 속도제한 및 지속 주행시 차량이 멈출 가능성,전기·전자장치,https://www.data.go.kr/data/15125831/fileData.do,https://www.car.go.kr/home/main.do,2026-08-24
REC-52DA35D7562E8012,기아,K7(VG),KIA_K7,2009-11-18,2015-12-31,2024-12-16,123692,전자제어유압장치(HECU) 내부 회로 기판의 전기적 합선에 의한 엔진룸 소손 발생 가능성,제동장치,https://www.data.go.kr/data/15125831/fileData.do,https://www.car.go.kr/home/main.do,2026-08-24
REC-C581C940EBE3693B,기아,K7(VG),KIA_K7,2011-03-07,2015-12-29,2024-12-16,13861,전자제어유압장치(HECU) 내부 회로 기판의 전기적 합선에 의한 엔진룸 소손 발생 가능성,제동장치,https://www.data.go.kr/data/15125831/fileData.do,https://www.car.go.kr/home/main.do,2026-08-24
REC-D3E03250007C4946,기아,쏘렌토 하이브리드(MQ4 HEV),KIA_SORENTO,2023-07-19,2024-11-12,2024-12-18,74060,전조등 소프트웨어 설계 오류로 인해 방향지시등 일정 시간 작동 시 주간주행등 일부가 점등되지 않아 안전 기준을 만족하지 못하는 결함,등화장치,https://www.data.go.kr/data/15125831/fileData.do,https://www.car.go.kr/home/main.do,2026-08-24
REC-D6694F66652B5813,기아,쏘렌토 (MQ4),KIA_SORENTO,2023-07-19,2024-11-11,2024-12-18,4250,전조등 소프트웨어 설계 오류로 인해 방향지시등 일정 시간 작동 시 주간주행등 일부가 점등되지 않아 안전 기준을 만족하지 못하는 결함,등화장치,https://www.data.go.kr/data/15125831/fileData.do,https://www.car.go.kr/home/main.do,2026-08-24
REC-884883693C1A035E,기아,쏘렌토 (MQ4),KIA_SORENTO,2023-07-19,2024-11-11,2024-12-18,21713,전조등 소프트웨어 설계 오류로 인해 방향지시등 일정 시간 작동 시 주간주행등 일부가 점등되지 않아 안전 기준을 만족하지 못하는 결함,등화장치,https://www.data.go.kr/data/15125831/fileData.do,https://www.car.go.kr/home/main.do,2026-08-24
REC-713E1DBBDBB66F4D,현대자동차,아이오닉5(NE1 PE),HYU_IONIQ5,2024-03-06,2024-10-18,2024-12-24,2517,"아이오닉5(NE1 PE) 일부 차량에서 주간상시점등장치(DRL) 제어기의 로직이 오설정되어 벌브사양 방향지시등 작동 시 주간상시점등장치(DRL)가 소등되는 법규 불만족 결함이 확인 ※ 주간상시점등장치(DRL) : 운전자의 주간 가시성을 향상시킬 목적으로 주행시 상시 헤드램프를 점등토록 하는 장치, 주간에도 전조등이 켜지는 장치 ※ 자동차 규칙 제 38조의 4 주간주행등, 별표6의8 주간주행등의 설치 및 광도기준, 바. 작동조건 : 시동장치의 열쇠가 원동기 작동위치에서 자동으로 점등될 것.",등화장치,https://www.data.go.kr/data/15125831/fileData.do,https://www.car.go.kr/home/main.do,2026-08-24
REC-CF8B590A6859300E,기아,쏘렌토 하이브리드(MQ4 HEV PE),KIA_SORENTO,2023-07-24,2024-06-20,2025-01-24,62479,바디도메인 제어장치 소프트웨어 오류로 인해 주행 초기 소프트웨어가 리셋되어 재동작하는 경우 전조등이 일시적으로 꺼졌다 켜질 가능성,등화장치,https://www.data.go.kr/data/15125831/fileData.do,https://www.car.go.kr/home/main.do,2026-08-24
REC-70A6222FFDA4CA47,기아,쏘렌토 (MQ4 PE),KIA_SORENTO,2023-07-24,2024-06-18,2025-01-24,21062,바디도메인 제어장치 소프트웨어 오류로 인해 주행 초기 소프트웨어가 리셋되어 재동작하는 경우 전조등이 일시적으로 꺼졌다 켜질 가능성,등화장치,https://www.data.go.kr/data/15125831/fileData.do,https://www.car.go.kr/home/main.do,2026-08-24
REC-0D9D2723A511A969,기아,쏘렌토 (MQ4 PE),KIA_SORENTO,2023-07-26,2024-07-08,2025-01-24,6057,바디도메인 제어장치 소프트웨어 오류로 인해 주행 초기 소프트웨어가 리셋되어 재동작하는 경우 전조등이 일시적으로 꺼졌다 켜질 가능성,등화장치,https://www.data.go.kr/data/15125831/fileData.do,https://www.car.go.kr/home/main.do,2026-08-24
REC-166058363F4753A9,기아,봉고Ⅲ (PU),KIA_BONGO3,2023-12-05,2024-10-23,2025-01-31,33058,12V 배터리 센서 설계 불량으로 인해 배터리 센서 소손 발생하여 안전 운행에 지장을 줄 가능성,전기·전자장치,https://www.data.go.kr/data/15125831/fileData.do,https://www.car.go.kr/home/main.do,2026-08-24
REC-ACF2CEC5B46A28E8,기아,봉고Ⅲ EV(PU EV),KIA_BONGO3,2020-01-15,2024-10-15,2025-01-31,53146,12V 배터리 센서 설계 불량으로 인해 배터리 센서 소손 발생하여 안전 운행에 지장을 줄 가능성,전기·전자장치,https://www.data.go.kr/data/15125831/fileData.do,https://www.car.go.kr/home/main.do,2026-08-24
REC-BAC83E9F1C058985,현대자동차,포터II,HYU_PORTER,2023-06-22,2024-10-31,2025-02-03,58758,"포터II(HR) (LPDi, EV) 일부 차량에서 12v 배터리 센서 설계 불량으로 인해 배터리 센서에 수분이 유입되어 내부 회로 쇼트(단락)되는 경우 배터리 센서 소손 발생하여 안전 운행에 지장을 줄 가능성이 있는 결함이 확인 ※ 배터리 센서 : 배터리 상태(전압, 전류, 온도, 수명 등)를 파악하여 발전기가 효율적으로 작동하게 하는 부품",전기·전자장치,https://www.data.go.kr/data/15125831/fileData.do,https://www.car.go.kr/home/main.do,2026-08-24
REC-93439B520F459A49,현대자동차,포터II EV,HYU_PORTER,2019-07-19,2024-09-11,2025-02-03,82367,"포터II(HR) (LPDi, EV) 일부 차량에서 12v 배터리 센서 설계 불량으로 인해 배터리 센서에 수분이 유입되어 내부 회로 쇼트(단락)되는 경우 배터리 센서 소손 발생하여 안전 운행에 지장을 줄 가능성이 있는 결함이 확인 ※ 배터리 센서 : 배터리 상태(전압, 전류, 온도, 수명 등)를 파악하여 발전기가 효율적으로 작동하게 하는 부품",전기·전자장치,https://www.data.go.kr/data/15125831/fileData.do,https://www.car.go.kr/home/main.do,2026-08-24
REC-9B21381433832AFD,기아,니로 (SG2 HEV),KIA_NIRO,2021-12-20,2025-01-09,2025-02-26,31968,전기배선 경로 설계 불량으로 인해 전기배선이 승객감지장치에 간섭되어 전기배선이 손상되는 경우 충돌 시 동승석 에어백(정면/측면)이 전개되지 않거나 비정상 전개될 수 있고 에어백 미전개 조건에서 동승석 측면 에어백이 자발 전개되어 탑승자 상해 발생 가능성,탑승자보호,https://www.data.go.kr/data/15125831/fileData.do,https://www.car.go.kr/home/main.do,2026-08-24
REC-52BD3CEA4E416574,기아,니로 EV (SG2 EV),KIA_NIRO,2022-06-02,2024-07-26,2025-02-26,3603,전기배선 경로 설계 불량으로 인해 전기배선이 승객감지장치에 간섭되어 전기배선이 손상되는 경우 충돌 시 동승석 에어백(정면/측면)이 전개되지 않거나 비정상 전개될 수 있고 에어백 미전개 조건에서 동승석 측면 에어백이 자발 전개되어 탑승자 상해 발생 가능성,탑승자보호,https://www.data.go.kr/data/15125831/fileData.do,https://www.car.go.kr/home/main.do,2026-08-24
REC-6A13CE14556D124E,현대자동차,아이오닉5 N(NE N),HYU_IONIQ5,2023-03-09,2024-09-25,2025-04-09,668,일부 차량에서 레이싱 목적의 주행을 위한 특이모드인 양발운전모드(LFB)의 로직 설계오류로 일부 작동조건에 따라 의도치 않게 제동거리의 증가가 발생하여 안전 운행에 지장을 줄 가능성이 있는 결함,제동장치,https://www.data.go.kr/data/15125831/fileData.do,https://www.car.go.kr/home/main.do,2026-08-24
REC-CAC73CD6AA80F4CE,기아,셀토스 (SP2),KIA_SELTOS,2024-10-21,2024-12-30,2025-05-28,9636,고압 파이프 제조 불량으로 인해 연결부 기밀성이 저하되어 연료가 누유되는 경우 차량 화재 발생 가능성,연료장치,https://www.data.go.kr/data/15125831/fileData.do,https://www.car.go.kr/home/main.do,2026-08-24
REC-C6328288AD9216EB,기아,스포티지 (NQ5),KIA_SPORTAGE,2024-10-16,2024-12-30,2025-05-28,3313,고압 파이프 제조 불량으로 인해 연결부 기밀성이 저하되어 연료가 누유되는 경우 차량 화재 발생 가능성,연료장치,https://www.data.go.kr/data/15125831/fileData.do,https://www.car.go.kr/home/main.do,2026-08-24
REC-DC5E1A422930169C,현대자동차,아반떼(HD),HYU_AVANTE,2008-10-31,2009-07-30,2025-06-10,1473,아반떼(HD) 등 2차종 일부 차량에서 운전석 에어백 전개시 인플레이터의 과도한 내부 압력 증가로 인해 인플레이터 용기가 파손되어 승객이 상해를 입을 가능성이 있는 결함,탑승자보호,https://www.data.go.kr/data/15125831/fileData.do,https://www.car.go.kr/home/main.do,2026-08-24
REC-4C79611B2647518C,현대자동차,싼타페 하이브리드(MX5 HEV),HYU_SANTAFE,2024-04-04,2024-04-04,2025-07-09,2,싼타페 하이브리드(MX5 HEV) 일부 차량에서 차체 하단 와이어링(배선) 경로 설계 불량으로 인해 2열 시트를 접을 시 와이어링(배선)과 시트 회전 장치가 간섭되어 2열 사이드 에어백 오전개 및 미전개 가능성이 있는 결함 사항이 확인,탑승자보호,https://www.data.go.kr/data/15125831/fileData.do,https://www.car.go.kr/home/main.do,2026-08-24
REC-893D909ED60FB8D4,현대자동차,캐스퍼 일렉트릭 (AX1 EV),HYU_CASPER,2024-07-17,2025-03-31,2025-07-10,3725,캐스퍼 일렉트릭(AX1 EV) 일부 차량에서 조수석 하단 운전자 보조 주차 제어기(ADAS PRK ECU) 조립용 차체부 볼트가 노출되어 뒷좌석 승객이 맨발로 탑승시 상해가 발생할 가능성이 있는 결함,차체·구조,https://www.data.go.kr/data/15125831/fileData.do,https://www.car.go.kr/home/main.do,2026-08-24
REC-40D554600827A0C8,현대자동차,스타리아 카고 (US4),HYU_STARIA,2022-12-09,2025-04-21,2025-07-31,2696,"스타리아 카고(US4), 쏠라티(EU) 일부 차량에서 휠 고정용 너트 체결 작업 불량으로 주행 중 너트 풀림에 의한 휠 이탈 발생 가능성이 있는 결함 사항 확인",차체·구조,https://www.data.go.kr/data/15125831/fileData.do,https://www.car.go.kr/home/main.do,2026-08-24
REC-4E365F2DAAF289BC,현대자동차,팰리세이드(LX3),HYU_PALISADE,2025-01-02,2025-07-01,2025-09-05,30,"팰리세이드(LX3), 팰리세이드HEV (LX3 HEV) 일부 차량에서 휠 고정용 너트 체결 작업 불량으로 주행 중 너트 풀림에 의한 휠 이탈 발생 가능성이 있는 결함 사항 확인",차체·구조,https://www.data.go.kr/data/15125831/fileData.do,https://www.car.go.kr/home/main.do,2026-08-24
REC-70DBCB141D7FE809,현대자동차,팰리세이드 하이브리드(LX3 HEV),HYU_PALISADE,2025-04-11,2025-06-30,2025-09-05,9,"팰리세이드(LX3), 팰리세이드HEV (LX3 HEV) 일부 차량에서 휠 고정용 너트 체결 작업 불량으로 주행 중 너트 풀림에 의한 휠 이탈 발생 가능성이 있는 결함 사항 확인",차체·구조,https://www.data.go.kr/data/15125831/fileData.do,https://www.car.go.kr/home/main.do,2026-08-24
REC-FBD2D81DFB414816,현대자동차,포터II 일렉트릭(HR EV),HYU_PORTER,2022-06-13,2024-02-27,2025-09-05,14,"일부 차량에서 고전압배터리 케이스 사후관리용 부품 불량으로 인해 프로펠러 샤프트와 케이스 간의 간섭 부위가 절삭되지 않은 부품이 장착되어, 프로펠러 샤프트에 충격 피로 누적 시 파손 및 동력 전달 불가로 차량 멈춤 가능성이 있는 결함",엔진·동력장치,https://www.data.go.kr/data/15125831/fileData.do,https://www.car.go.kr/home/main.do,2026-08-24
REC-1A35BE080CFBBC2E,현대자동차,팰리세이드(LX3),HYU_PALISADE,2024-12-24,2025-07-19,2025-09-16,14943,"일부 차량에서 전방 후드 래치 설계 미흡으로 인해 과속방지턱을 주행할 경우 전방 후드 열림 현상이 발생할 수 있으며, 전방 시야 확보가 불가하여 주행 안정성 저하 가능성이 있는 결함",차체·구조,https://www.data.go.kr/data/15125831/fileData.do,https://www.car.go.kr/home/main.do,2026-08-24
REC-893DD89C9E0062C7,현대자동차,팰리세이드 하이브리드(LX3 HEV),HYU_PALISADE,2025-03-21,2025-07-18,2025-09-16,12713,"일부 차량에서 전방 후드 래치 설계 미흡으로 인해 과속방지턱을 주행할 경우 전방 후드 열림 현상이 발생할 수 있으며, 전방 시야 확보가 불가하여 주행 안정성 저하 가능성이 있는 결함",차체·구조,https://www.data.go.kr/data/15125831/fileData.do,https://www.car.go.kr/home/main.do,2026-08-24
REC-381BECABEDDC4093,기아,EV3,KIA_EV3,2025-07-01,2025-07-09,2025-09-24,102,"기아㈜에서는 EV3(SV), EV4(CT) 일부 차량에서 차량 내부 A필러(LH) 트림 테더클립 미체결로 인한 들뜸으로 커튼 에어백 전개 시 A필러(LH) 트림이 이탈되어 고객 상해 발생 가능성이 있는 결함이 확인되어 제작결함시정을 하고자 함 (결함인지일 : ‘25. 8. 29) ※ 테더클립 : 커튼에어백 전개 시 A필러 트림이 완전히 이탈되지 않고 적당히 열리면서 커튼 에어백만 전개 될 수 있도록 하는 장치",탑승자보호,https://www.data.go.kr/data/15125831/fileData.do,https://www.car.go.kr/home/main.do,2026-08-24
REC-978EC9C0E4042F41,현대자동차,포터2(HR),HYU_PORTER,2023-11-29,2025-03-04,2025-09-25,60934,포터2(HR) LPG 엔진 일부 차량에서 장력조절장치(텐셔너) 고정볼트 체결부 형상 설계 불량으로 인해 고정볼트가 풀려 구동벨트가 이탈되는 경우 파워스티어링 펌프 작동불량에 의해 핸들 조향이 정상적으로 되지 않아 안전에 지장을 줄 가능성이 있는 결함이 확인되어 제작결함 시정을 하고자 함,조향장치,https://www.data.go.kr/data/15125831/fileData.do,https://www.car.go.kr/home/main.do,2026-08-24
REC-4027C2DAE1821C9A,기아,봉고Ⅲ (PU),KIA_BONGO3,2023-12-05,2025-02-05,2025-09-25,33990,봉고Ⅲ (PU) LPG 엔진 일부 차량에서 장력조절장치(텐셔너) 체결부 형상 설계 불량으로 인해 고정볼트가 풀려 구동벨트가 이탈되는 경우 파워스티어링 펌프 작동불량에 의해 핸들 조향이 정상적으로 되지 않아 안전에 지장을 줄 가능성,조향장치,https://www.data.go.kr/data/15125831/fileData.do,https://www.car.go.kr/home/main.do,2026-08-24
REC-8AE8F5DB6C9CC0E6,현대자동차,아이오닉6(CE),HYU_IONIQ6,2022-08-17,2024-10-29,2025-10-24,24705,"아이오닉6(CE) 일부 차량에서 충전도어 외부 커버 설계 미흡으로 인해 체결력이 부족하여, 주행 중 부품 이탈로 인한 사고 발생 가능성이 있는 결함이 발견됨",차체·구조,https://www.data.go.kr/data/15125831/fileData.do,https://www.car.go.kr/home/main.do,2026-08-24
REC-082D26A87D25427E,현대자동차,코나(OS),HYU_KONA,2018-03-29,2020-08-27,2025-10-29,2507,"현대자동차㈜에서는 코나(OS), 투싼(TL) 디젤 1.6 엔진 장착 일부 차량에서 연료필터 설계오류(유리섬유 성분 사용)로 인해 여과지의 유리섬유 성분이 탈락되어 고압펌프로 유입되면 고압펌프의 내부 부품이 손상되어 연료분사가 정상적으로 작동되지 않아 시동이 꺼질 가능성이 있는 결함이 발견되어 (결함인지일 : ’22. 5. 10) ’22. 7. 11 부터 시정조치를 진행하였음 시정조치 이후 코나(OS), 투싼(TL) 디젤 1.6 엔진 장착 일부 차량에서 기 조치차량 및 조치 대상 외 차량에서 고압펌프 및 연료계 부품 내부 잔존 연료필터 유리섬유 등 이물로 인해 고압펌프 내부가 손상되어 연료분사가 정상적으로 작동되지 않아 주행중 시동이 꺼질 가능성이 있는 결함이 발견되어 제작결함시정을 하고자 함",연료장치,https://www.data.go.kr/data/15125831/fileData.do,https://www.car.go.kr/home/main.do,2026-08-24
REC-27743E10A72BE63A,현대자동차,투싼(TL),HYU_TUCSON,2018-01-15,2020-09-28,2025-10-29,13697,"현대자동차㈜에서는 코나(OS), 투싼(TL) 디젤 1.6 엔진 장착 일부 차량에서 연료필터 설계오류(유리섬유 성분 사용)로 인해 여과지의 유리섬유 성분이 탈락되어 고압펌프로 유입되면 고압펌프의 내부 부품이 손상되어 연료분사가 정상적으로 작동되지 않아 시동이 꺼질 가능성이 있는 결함이 발견되어 (결함인지일 : ’22. 5. 10) ’22. 7. 11 부터 시정조치를 진행하였음 시정조치 이후 코나(OS), 투싼(TL) 디젤 1.6 엔진 장착 일부 차량에서 기 조치차량 및 조치 대상 외 차량에서 고압펌프 및 연료계 부품 내부 잔존 연료필터 유리섬유 등 이물로 인해 고압펌프 내부가 손상되어 연료분사가 정상적으로 작동되지 않아 주행중 시동이 꺼질 가능성이 있는 결함이 발견되어 제작결함시정을 하고자 함",연료장치,https://www.data.go.kr/data/15125831/fileData.do,https://www.car.go.kr/home/main.do,2026-08-24
REC-3D024A7031F0E967,기아,셀토스 (SP2),KIA_SELTOS,2019-07-04,2021-12-31,2025-10-29,18118,"기아㈜에서는 셀토스(SP2), 스포티지(QL) 디젤 1.6 엔진 장착 일부 차량에서 연료필터 설계오류(유리섬유 성분 사용)로 인해 여과지의 유리섬유 성분이 탈락되어 고압펌프로 유입되면 고압펌프의 내부 부품이 손상되어 연료분사가 정상적으로 작동되지 않아 시동이 꺼질 가능성이 있는 결함이 발견되어 (결함인지일 : ’22. 5. 10) ’22. 7. 11 부터 시정조치를 진행하였음 시정조치 이후 셀토스(SP2), 스포티지(QL) 디젤 1.6 엔진 장착 일부 차량에서 기 조치차량 및 조치 대상 외 차량에서 고압펌프 및 연료계 부품 내부 잔존 연료필터 유리섬유 등 이물로 인해 고압펌프 내부가 손상되어 연료분사가 정상적으로 작동되지 않아 주행중 시동이 꺼질 가능성이 있는 결함이 발견되어 제작결함시정을 하고자 함 (결함인지일 : ’25. 9. 30)",연료장치,https://www.data.go.kr/data/15125831/fileData.do,https://www.car.go.kr/home/main.do,2026-08-24
REC-D9A940366E414FAA,기아,스포티지 (QL),KIA_SPORTAGE,2018-06-29,2021-07-09,2025-10-29,11562,"기아㈜에서는 셀토스(SP2), 스포티지(QL) 디젤 1.6 엔진 장착 일부 차량에서 연료필터 설계오류(유리섬유 성분 사용)로 인해 여과지의 유리섬유 성분이 탈락되어 고압펌프로 유입되면 고압펌프의 내부 부품이 손상되어 연료분사가 정상적으로 작동되지 않아 시동이 꺼질 가능성이 있는 결함이 발견되어 (결함인지일 : ’22. 5. 10) ’22. 7. 11 부터 시정조치를 진행하였음 시정조치 이후 셀토스(SP2), 스포티지(QL) 디젤 1.6 엔진 장착 일부 차량에서 기 조치차량 및 조치 대상 외 차량에서 고압펌프 및 연료계 부품 내부 잔존 연료필터 유리섬유 등 이물로 인해 고압펌프 내부가 손상되어 연료분사가 정상적으로 작동되지 않아 주행중 시동이 꺼질 가능성이 있는 결함이 발견되어 제작결함시정을 하고자 함 (결함인지일 : ’25. 9. 30)",연료장치,https://www.data.go.kr/data/15125831/fileData.do,https://www.car.go.kr/home/main.do,2026-08-24
REC-33536F007F91597C,현대자동차,포터II 일렉트릭(HR EV),HYU_PORTER,2019-07-19,2025-03-05,2025-10-30,85355,현대자동차㈜에서는 포터II 일렉트릭(HR EV) 일부 차량에서 배터리관리시스템(BMS) 진단로직 설계 미흡으로 배터리셀 미세 단락 등 문제 발생시 이를 사전에 감지하지 못해 고전압배터리 화재 발생 가능성,전기·전자장치,https://www.data.go.kr/data/15125831/fileData.do,https://www.car.go.kr/home/main.do,2026-08-24
REC-FE50BED9752803EC,기아,봉고Ⅲ 전기차(PUEV),KIA_BONGO3,2020-01-15,2025-04-15,2025-10-30,54532,봉고Ⅲ 전기차 (PU EV) 일부 차량에서 배터리관리시스템(BMS) 진단로직 설계 미흡으로 배터리셀 미세 단락 등 문제 발생시 이를 사전에 감지하지 못해 고전압배터리 화재 발생 가능성,전기·전자장치,https://www.data.go.kr/data/15125831/fileData.do,https://www.car.go.kr/home/main.do,2026-08-24
REC-56C95D7D9CC78270,현대자동차,스타리아 하이브리드 (US4 HEV),HYU_STARIA,2024-02-29,2025-08-18,2025-12-12,12851,현대자동차㈜에서는 스타리아 하이브리드(US4 HEV) 일부 차량에서 하이브리드 통합 제어기(HPCU) 소프트웨어 설계 오류로 동절기 원격시동 및 히터 작동 등 전장 고부하 시 하이브리드 통합 제어기(HPCU) 소손 발생 가능성이 있는 결함이 발견되어 제작결함시정을 하고자 함,전기·전자장치,https://www.data.go.kr/data/15125831/fileData.do,https://www.car.go.kr/home/main.do,2026-08-24
REC-298A20093DCD562F,기아,카니발 하이브리드(KA4 HEV),KIA_CARNIVAL,2023-12-14,2025-04-10,2025-12-12,51286,"기아㈜에서는 카니발 하이브리드(KA4 HEV) 일부 차량에서 하이브리드 통합 제어기(HPCU) 소프트웨어 설계 오류로 동절기 원격시동 및 히터 작동 등 전장 고부하 시 하이브리드 통합 제어기(HPCU) 소손 발생 가능성이 있는 결함이 발견되어 제작결함시정을 하고자 함 ※ 하이브리드 통합 제어기(HPCU, Hybrid Power Control Unit) : 모터 구동을 위해 인버터, LDC 등을 포함하여 제어하는 장치",전기·전자장치,https://www.data.go.kr/data/15125831/fileData.do,https://www.car.go.kr/home/main.do,2026-08-24
REC-8B119D194A0DEA1C,현대자동차,포터II(HR),HYU_PORTER,2024-02-01,2025-06-10,2025-12-19,71677,일부 차량에서 변속 케이블 체결부 설계 오류로 인해 변속 케이블이 고정되지 않고 이탈되어 운전자의 의도와 상이한 변속 상태로 차량 움직임이 발생하여 사고가 발생할 가능성이 있는 결함,엔진·동력장치,https://www.data.go.kr/data/15125831/fileData.do,https://www.car.go.kr/home/main.do,2026-08-24
